,date,away,home,favorite,line,over/under
0,2022-10-18,PHI,BOS,BOS,-3.0,216.0
1,2022-10-18,LAL,GSW,GSW,-7.5,223.5
2,2022-10-19,ORL,DET,DET,-2.5,217.0
3,2022-10-19,WAS,IND,WAS,-1.0,227.0
4,2022-10-19,HOU,ATL,ATL,-10.0,234.5
5,2022-10-19,NOP,BKN,BKN,-2.5,231.5
6,2022-10-19,CHI,MIA,MIA,-7.5,216.0
7,2022-10-19,CLE,TOR,TOR,-2.5,216.0
8,2022-10-19,NYK,MEM,MEM,-4.0,226.5
9,2022-10-19,OKC,MIN,MIN,-10.5,225.0
10,2022-10-19,CHA,SAS,SAS,0,221.5
11,2022-10-19,DEN,UTA,DEN,-7.0,225.0
12,2022-10-19,DAL,PHX,PHX,-4.0,218.0
13,2022-10-19,POR,SAC,SAC,-3.0,229.0
14,2022-10-20,MIL,PHI,PHI,-4.0,224.0
15,2022-10-20,LAC,LAL,LAC,-5.0,226.5
16,2022-10-21,NOP,CHA,NOP,-6.5,226.0
17,2022-10-21,SAS,IND,IND,-1.0,232.0
18,2022-10-21,CHI,WAS,WAS,-2.0,222.0
19,2022-10-21,ORL,ATL,ATL,-9.0,225.5
20,2022-10-21,TOR,BKN,BKN,-2.5,227.0
21,2022-10-21,BOS,MIA,BOS,-2.0,219.0
22,2022-10-21,DET,NYK,NYK,-7.0,219.5
23,2022-10-21,MEM,HOU,MEM,-7.0,232.5
24,2022-10-21,UTA,MIN,MIN,-8.0,226.0
25,2022-10-21,DEN,GSW,GSW,-5.5,229.5
26,2022-10-21,PHX,POR,PHX,-5.0,224.0
27,2022-10-22,SAS,PHI,PHI,-13.5,224.5
28,2022-10-22,DET,IND,DET,-1.5,229.5
29,2022-10-22,BOS,ORL,BOS,-8.5,216.0
30,2022-10-22,TOR,MIA,MIA,-3.0,216.0
31,2022-10-22,CLE,CHI,CLE,-2.0,220.0
32,2022-10-22,HOU,MIL,MIL,-13.0,228.5
33,2022-10-22,MEM,DAL,DAL,-5.5,220.0
34,2022-10-22,OKC,DEN,DEN,-9.0,227.0
35,2022-10-22,LAC,SAC,LAC,-2.5,225.5
36,2022-10-23,POR,LAL,LAL,-3.5,225.5
37,2022-10-23,CHA,ATL,ATL,-10.0,228.5
38,2022-10-23,WAS,CLE,CLE,-3.5,216.5
39,2022-10-23,UTA,NOP,NOP,-9.0,231.0
40,2022-10-23,MIN,OKC,MIN,-8.0,227.5
41,2022-10-23,SAC,GSW,GSW,-10.0,232.5
42,2022-10-23,PHX,LAC,PHX,-1.0,219.0
43,2022-10-24,IND,PHI,PHI,-12.5,229.0
44,2022-10-24,TOR,MIA,MIA,-3.5,215.0
45,2022-10-24,ORL,NYK,NYK,-7.5,222.0
46,2022-10-24,BOS,CHI,BOS,-6.0,225.5
47,2022-10-24,UTA,HOU,UTA,-2.0,234.5
48,2022-10-24,BKN,MEM,MEM,-1.0,234.0
49,2022-10-24,SAS,MIN,MIN,-8.5,234.5
50,2022-10-24,DEN,POR,DEN,-5.0,227.5
51,2022-10-25,DET,WAS,WAS,-5.5,221.0
52,2022-10-25,DAL,NOP,DAL,-5.0,218.5
53,2022-10-25,LAC,OKC,LAC,-5.5,217.0
54,2022-10-25,GSW,PHX,PHX,-1.5,227.0
55,2022-10-26,ORL,CLE,CLE,-8.5,216.0
56,2022-10-26,ATL,DET,ATL,-7.5,230.0
57,2022-10-26,CHA,NYK,NYK,-7.5,225.0
58,2022-10-26,PHI,TOR,PHI,-2.0,211.5
59,2022-10-26,BKN,MIL,MIL,-3.5,231.0
60,2022-10-26,IND,CHI,CHI,-7.0,233.5
61,2022-10-26,SAS,MIN,MIN,-9.5,235.0
62,2022-10-26,HOU,UTA,UTA,-8.5,232.5
63,2022-10-26,LAL,DEN,DEN,-5.0,230.5
64,2022-10-26,MIA,POR,MIA,-3.0,220.5
65,2022-10-27,DAL,BKN,DAL,-3.0,224.5
66,2022-10-27,LAC,OKC,LAC,-6.5,218.5
67,2022-10-27,MIA,GSW,GSW,-5.5,227.0
68,2022-10-27,MEM,SAC,MEM,-3.0,236.0
69,2022-10-28,ATL,DET,ATL,-6.5,229.0
70,2022-10-28,CHA,ORL,CHA,-1.5,221.0
71,2022-10-28,CLE,BOS,BOS,-7.0,218.0
72,2022-10-28,PHI,TOR,TOR,-2.5,213.0
73,2022-10-28,IND,WAS,WAS,-5.0,229.0
74,2022-10-28,NYK,MIL,MIL,-6.0,223.5
75,2022-10-28,LAL,MIN,MIN,-7.0,230.5
76,2022-10-28,CHI,SAS,CHI,-4.0,230.0
77,2022-10-28,UTA,DEN,DEN,-7.5,232.0
78,2022-10-28,NOP,PHX,PHX,-8.0,225.5
79,2022-10-28,HOU,POR,POR,-4.0,222.5
80,2022-10-29,MIA,SAC,MIA,-4.5,227.0
81,2022-10-29,GSW,CHA,GSW,-10.0,234.0
82,2022-10-29,IND,BKN,BKN,-11.0,240.0
83,2022-10-29,PHI,CHI,PHI,-3.0,221.5
84,2022-10-29,ATL,MIL,MIL,-5.5,229.0
85,2022-10-29,OKC,DAL,DAL,-10.5,218.5
86,2022-10-29,MEM,UTA,MEM,-3.0,225.5
87,2022-10-30,NOP,LAC,LAC,-2.0,225.5
88,2022-10-30,WAS,BOS,BOS,-9.0,221.5
89,2022-10-30,NYK,CLE,CLE,-3.5,220.0
90,2022-10-30,GSW,DET,GSW,-7.0,230.5
91,2022-10-30,MIN,SAS,MIN,-6.0,238.5
92,2022-10-30,ORL,DAL,DAL,-9.0,212.0
93,2022-10-30,HOU,PHX,PHX,-12.5,228.0
94,2022-10-30,DEN,LAL,DEN,-2.5,228.5
95,2022-10-31,SAC,CHA,SAC,-3.0,231.5
96,2022-10-31,PHI,WAS,PHI,-4.0,216.5
97,2022-10-31,IND,BKN,BKN,-7.5,235.0
98,2022-10-31,ATL,TOR,TOR,-3.0,223.0
99,2022-10-31,DET,MIL,MIL,-13.0,225.5
100,2022-10-31,MEM,UTA,MEM,-2.5,231.5
101,2022-10-31,HOU,LAC,LAC,-8.5,225.5
102,2022-11-01,CHI,BKN,BKN,-1.5,232.0
103,2022-11-01,GSW,MIA,MIA,-1.0,225.5
104,2022-11-01,ORL,OKC,OKC,-3.0,216.0
105,2022-11-01,MIN,PHX,PHX,-4.0,228.0
106,2022-11-02,BOS,CLE,BOS,-1.5,220.0
107,2022-11-02,WAS,PHI,PHI,-5.5,218.5
108,2022-11-02,SAC,MIA,MIA,-6.5,220.5
109,2022-11-02,ATL,NYK,NYK,-2.5,232.5
110,2022-11-02,CHA,CHI,CHI,-4.5,222.5
111,2022-11-02,LAC,HOU,LAC,-6.0,223.0
112,2022-11-02,DET,MIL,MIL,-11.5,223.0
113,2022-11-02,TOR,SAS,TOR,-7.5,224.0
114,2022-11-02,UTA,DAL,DAL,-6.5,222.0
115,2022-11-02,MEM,POR,MEM,-5.0,227.5
116,2022-11-02,NOP,LAL,NOP,-2.5,230.0
117,2022-11-03,GSW,ORL,GSW,-9.0,225.5
118,2022-11-03,DEN,OKC,DEN,-6.5,228.5
119,2022-11-04,CLE,DET,CLE,-5.5,220.0
120,2022-11-04,MIA,IND,MIA,-3.5,227.0
121,2022-11-04,NYK,PHI,PHI,-3.5,220.0
122,2022-11-04,BKN,WAS,WAS,-3.0,222.5
123,2022-11-04,CHI,BOS,BOS,-7.0,223.5
124,2022-11-04,CHA,MEM,MEM,-11.0,225.5
125,2022-11-04,LAC,SAS,LAC,-3.5,225.5
126,2022-11-04,TOR,DAL,DAL,-4.0,216.0
127,2022-11-04,GSW,NOP,NOP,-10.5,226.5
128,2022-11-04,MIL,MIN,MIL,-2.0,225.0
129,2022-11-04,POR,PHX,PHX,-12.0,217.0
130,2022-11-04,UTA,LAL,LAL,-3.5,228.5
131,2022-11-05,SAC,ORL,SAC,-4.5,228.5
132,2022-11-05,BKN,CHA,BKN,-3.5,223.5
133,2022-11-05,NOP,ATL,ATL,-2.0,234.5
134,2022-11-05,BOS,NYK,BOS,-4.0,227.0
135,2022-11-05,OKC,MIL,MIL,-5.5,219.0
136,2022-11-05,HOU,MIN,MIN,-8.0,234.5
137,2022-11-05,SAS,DEN,DEN,-11.5,235.0
138,2022-11-05,POR,PHX,PHX,-12.0,215.5
139,2022-11-06,CLE,LAL,CLE,-5.5,222.5
140,2022-11-06,CHI,TOR,TOR,-4.0,219.5
141,2022-11-06,WAS,MEM,MEM,-9.5,224.0
142,2022-11-06,UTA,LAC,LAC,-4.0,218.5
143,2022-11-07,WAS,CHA,CHA,-2.0,214.0
144,2022-11-07,HOU,ORL,ORL,-5.0,224.0
145,2022-11-07,OKC,DET,OKC,-1.5,223.5
146,2022-11-07,NOP,IND,NOP,-5.0,233.0
147,2022-11-07,PHX,PHI,PHX,-1.0,215.0
148,2022-11-07,MIL,ATL,MIL,-5.5,219.5
149,2022-11-07,POR,MIA,MIA,-5.0,216.5
150,2022-11-07,TOR,CHI,CHI,-2.0,221.5
151,2022-11-07,BOS,MEM,BOS,-3.5,232.0
152,2022-11-07,NYK,MIN,MIN,-2.5,235.5
153,2022-11-07,DEN,SAS,DEN,-8.0,234.5
154,2022-11-07,BKN,DAL,DAL,-6.0,216.0
155,2022-11-07,SAC,GSW,GSW,-8.0,235.5
156,2022-11-07,LAL,UTA,UTA,-7.0,224.5
157,2022-11-07,CLE,LAC,CLE,-4.0,212.5
158,2022-11-09,POR,CHA,POR,-2.0,221.0
159,2022-11-09,DEN,IND,DEN,-5.0,235.5
160,2022-11-09,DAL,ORL,DAL,-8.0,213.0
161,2022-11-09,UTA,ATL,ATL,-4.5,231.5
162,2022-11-09,DET,BOS,BOS,-13.5,226.5
163,2022-11-09,NYK,BKN,BKN,-3.0,220.5
164,2022-11-09,HOU,TOR,TOR,-10.0,224.0
165,2022-11-09,NOP,CHI,NOP,-2.0,232.5
166,2022-11-09,PHX,MIN,MIN,-2.0,224.0
167,2022-11-09,MIL,OKC,MIL,-1.0,213.0
168,2022-11-09,MEM,SAS,MEM,-5.0,234.0
169,2022-11-09,LAL,LAC,LAC,-3.0,219.0
170,2022-11-09,CLE,SAC,CLE,-4.5,228.0
171,2022-11-10,DAL,WAS,DAL,-6.0,209.0
172,2022-11-10,PHI,ATL,ATL,-1.0,222.0
173,2022-11-10,CHA,MIA,MIA,-11.0,212.5
174,2022-11-10,POR,NOP,NOP,-9.5,222.0
175,2022-11-11,DEN,BOS,BOS,-4.0,230.5
176,2022-11-11,PHX,ORL,PHX,-7.5,215.0
177,2022-11-11,DET,NYK,NYK,-9.0,224.5
178,2022-11-11,TOR,OKC,TOR,-5.5,219.5
179,2022-11-11,MIL,SAS,SAS,-1.5,218.5
180,2022-11-11,MIN,MEM,MEM,-4.0,233.5
181,2022-11-11,CLE,GSW,GSW,-3.0,232.0
182,2022-11-11,SAC,LAL,SAC,-4.0,233.0
183,2022-11-12,BKN,LAC,LAC,-1.5,212.0
184,2022-11-12,UTA,WAS,UTA,-4.5,221.5
185,2022-11-12,BOS,DET,BOS,-9.0,225.5
186,2022-11-12,TOR,IND,IND,-3.0,229.5
187,2022-11-12,ATL,PHI,PHI,-3.0,222.5
188,2022-11-12,CHA,MIA,MIA,-8.0,214.5
189,2022-11-12,POR,DAL,DAL,-6.5,218.5
190,2022-11-12,HOU,NOP,NOP,-11.0,233.5
191,2022-11-13,OKC,NYK,NYK,-5.5,227.0
192,2022-11-13,MIN,CLE,CLE,-1.0,221.0
193,2022-11-13,MEM,WAS,WAS,-1.5,218.0
194,2022-11-13,UTA,PHI,PHI,-3.5,218.5
195,2022-11-13,DEN,CHI,DEN,-1.5,231.5
196,2022-11-13,GSW,SAC,GSW,-4.5,237.0
197,2022-11-13,BKN,LAL,BKN,-5.0,217.5
198,2022-11-14,TOR,DET,TOR,-4.0,218.5
199,2022-11-14,CHA,ORL,CHA,-2.0,225.0
200,2022-11-14,OKC,BOS,BOS,-12.0,228.5
201,2022-11-14,PHX,MIA,MIA,-2.5,216.5
202,2022-11-14,LAC,HOU,LAC,-5.0,220.5
203,2022-11-14,ATL,MIL,MIL,-4.0,226.0
204,2022-11-14,SAS,GSW,GSW,-8.5,233.5
205,2022-11-15,MEM,NOP,NOP,-2.0,223.5
206,2022-11-15,LAC,DAL,DAL,-6.5,212.0
207,2022-11-15,NYK,UTA,UTA,-4.0,231.5
208,2022-11-15,SAS,POR,POR,-8.0,226.0
209,2022-11-15,BKN,SAC,SAC,-2.0,225.0
210,2022-11-16,IND,CHA,IND,-1.0,236.5
211,2022-11-16,MIN,ORL,MIN,-8.0,224.0
212,2022-11-16,OKC,WAS,WAS,-5.0,230.5
213,2022-11-16,BOS,ATL,ATL,0,234.5
214,2022-11-16,MIA,TOR,TOR,-3.0,216.0
215,2022-11-16,CLE,MIL,MIL,-2.0,218.5
216,2022-11-16,CHI,NOP,NOP,-1.5,226.5
217,2022-11-16,HOU,DAL,DAL,-6.5,218.0
218,2022-11-16,NYK,DEN,DEN,-2.5,226.5
219,2022-11-16,GSW,PHX,GSW,-2.5,227.0
220,2022-11-17,BKN,POR,POR,-3.0,220.5
221,2022-11-17,SAS,SAC,SAC,-7.0,237.0
222,2022-11-17,DET,LAC,LAC,-11.0,219.0
223,2022-11-18,MIA,WAS,WAS,-7.5,217.0
224,2022-11-18,CHA,CLE,CLE,-9.5,220.0
225,2022-11-18,MIL,PHI,MIL,-1.5,211.5
226,2022-11-18,ORL,CHI,CHI,-8.5,221.0
227,2022-11-18,IND,HOU,IND,-5.5,236.5
228,2022-11-18,OKC,MEM,MEM,-6.5,230.0
229,2022-11-18,DEN,DAL,DAL,-10.0,216.0
230,2022-11-18,BOS,NOP,BOS,-3.0,227.0
231,2022-11-18,PHX,UTA,PHX,-1.0,228.0
232,2022-11-18,NYK,GSW,GSW,-7.5,234.5
233,2022-11-18,DET,LAL,LAL,-6.5,226.0
234,2022-11-19,TOR,ATL,ATL,-5.5,226.0
235,2022-11-19,ORL,IND,IND,-7.5,226.0
236,2022-11-19,MIN,PHI,MIN,-3.5,218.0
237,2022-11-19,UTA,POR,POR,-4.0,228.0
238,2022-11-19,SAS,LAC,LAC,-9.0,221.0
239,2022-11-20,NYK,PHX,PHX,-6.0,226.5
240,2022-11-20,CHA,WAS,WAS,-4.5,220.5
241,2022-11-20,DET,SAC,SAC,-10.5,234.5
242,2022-11-20,MEM,BKN,BKN,-7.5,224.0
243,2022-11-20,MIA,CLE,CLE,-7.0,213.0
244,2022-11-20,GSW,HOU,GSW,-10.5,232.5
245,2022-11-20,DEN,DAL,DAL,-10.5,217.0
246,2022-11-20,SAS,LAL,LAL,-6.0,228.0
247,2022-11-21,ATL,CLE,CLE,-3.5,227.5
248,2022-11-21,ORL,IND,IND,-7.0,225.0
249,2022-11-21,BOS,CHI,BOS,-5.5,230.0
250,2022-11-21,POR,MIL,MIL,-9.5,213.5
251,2022-11-21,MIA,MIN,MIN,-8.5,220.5
252,2022-11-21,GSW,NOP,NOP,-11.0,227.5
253,2022-11-21,NYK,OKC,OKC,-1.5,227.5
254,2022-11-21,UTA,LAC,LAC,-2.5,222.5
255,2022-11-22,BKN,PHI,BKN,-7.5,217.0
256,2022-11-22,SAC,MEM,MEM,-3.0,237.0
257,2022-11-22,DET,DEN,DEN,-12.0,227.5
258,2022-11-22,LAL,PHX,PHX,-9.5,227.0
259,2022-11-23,PHI,CHA,CHA,-4.0,215.5
260,2022-11-23,POR,CLE,CLE,-7.5,213.5
261,2022-11-23,MIN,IND,MIN,-2.0,237.5
262,2022-11-23,SAC,ATL,ATL,-4.5,241.0
263,2022-11-23,DAL,BOS,BOS,-6.0,222.5
264,2022-11-23,WAS,MIA,MIA,-5.0,209.0
265,2022-11-23,BKN,TOR,BKN,-2.5,223.0
266,2022-11-23,CHI,MIL,MIL,-7.0,223.5
267,2022-11-23,DEN,OKC,OKC,-1.0,230.0
268,2022-11-23,NOP,SAS,NOP,-5.5,227.0
269,2022-11-23,DET,UTA,UTA,-12.0,234.0
270,2022-11-23,LAC,GSW,GSW,-10.5,223.0
271,2022-11-25,MIN,CHA,MIN,-7.0,226.5
272,2022-11-25,PHI,ORL,ORL,-1.5,214.5
273,2022-11-25,POR,NYK,NYK,-4.0,216.5
274,2022-11-25,SAC,BOS,BOS,-7.0,238.0
275,2022-11-25,BKN,IND,BKN,-3.5,233.5
276,2022-11-25,WAS,MIA,MIA,-3.0,214.5
277,2022-11-25,ATL,HOU,ATL,-7.0,231.5
278,2022-11-25,NOP,MEM,MEM,-2.5,227.0
279,2022-11-25,CLE,MIL,MIL,-4.0,215.5
280,2022-11-25,CHI,OKC,CHI,-3.0,232.5
281,2022-11-25,LAL,SAS,LAL,-4.0,235.0
282,2022-11-25,DET,PHX,PHX,-12.0,224.0
283,2022-11-25,UTA,GSW,GSW,-8.0,239.5
284,2022-11-25,DEN,LAC,DEN,-4.0,219.0
285,2022-11-26,DAL,TOR,DAL,-2.5,215.0
286,2022-11-26,OKC,HOU,OKC,-2.0,231.5
287,2022-11-26,LAL,SAS,SAS,0,231.0
288,2022-11-26,UTA,PHX,PHX,-6.5,232.0
289,2022-11-27,POR,BKN,BKN,-8.0,224.0
290,2022-11-27,GSW,MIN,MIN,0,237.0
291,2022-11-27,IND,LAC,IND,-2.0,220.5
292,2022-11-27,MIA,ATL,ATL,-4.0,226.0
293,2022-11-27,WAS,BOS,BOS,-8.0,220.5
294,2022-11-27,CLE,DET,CLE,-7.5,218.5
295,2022-11-27,MEM,NYK,MEM,-1.5,228.0
296,2022-11-27,PHI,ORL,ORL,0,213.0
297,2022-11-27,DAL,MIL,MIL,-5.5,215.5
298,2022-11-28,ATL,PHI,PHI,-2.5,220.5
299,2022-11-28,MIN,WAS,WAS,-1.0,227.5
300,2022-11-28,CHA,BOS,BOS,-11.0,225.0
301,2022-11-28,ORL,BKN,BKN,-12.0,223.5
302,2022-11-28,CLE,TOR,TOR,-5.0,218.5
303,2022-11-28,OKC,NOP,NOP,-5.5,232.5
304,2022-11-28,HOU,DEN,DEN,-11.0,227.5
305,2022-11-28,CHI,UTA,UTA,-2.0,235.0
306,2022-11-28,PHX,SAC,SAC,-1.0,234.5
307,2022-11-28,IND,LAL,LAL,-3.5,237.5
308,2022-11-29,NYK,DET,NYK,-4.0,226.5
309,2022-11-29,GSW,DAL,DAL,-1.0,227.0
310,2022-11-29,LAC,POR,POR,-4.0,211.0
311,2022-11-30,PHI,CLE,CLE,-4.0,209.5
312,2022-11-30,ATL,ORL,ATL,-7.0,228.0
313,2022-11-30,MIA,BOS,BOS,-9.5,224.5
314,2022-11-30,WAS,BKN,BKN,-5.5,228.0
315,2022-11-30,MIL,NYK,MIL,-6.0,227.5
316,2022-11-30,MEM,MIN,MEM,-2.5,231.5
317,2022-11-30,TOR,NOP,TOR,-2.5,221.5
318,2022-11-30,SAS,OKC,OKC,-3.0,230.0
319,2022-11-30,HOU,DEN,DEN,-11.5,230.0
320,2022-11-30,CHI,PHX,PHX,-5.5,226.5
321,2022-11-30,LAC,UTA,UTA,-8.0,223.0
322,2022-11-30,IND,SAC,SAC,-4.5,242.5
323,2022-11-30,POR,LAL,LAL,-6.0,223.5
324,2022-12-01,DAL,DET,DAL,-8.0,221.5
325,2022-12-02,WAS,CHA,WAS,-4.5,225.5
326,2022-12-02,DEN,ATL,DEN,-4.5,225.5
327,2022-12-02,MIA,BOS,BOS,-7.0,227.0
328,2022-12-02,TOR,BKN,BKN,-1.5,223.0
329,2022-12-02,ORL,CLE,CLE,-11.0,218.0
330,2022-12-02,LAL,MIL,MIL,-8.0,230.5
331,2022-12-02,PHI,MEM,MEM,-4.5,218.0
332,2022-12-02,NOP,SAS,NOP,-7.5,233.0
333,2022-12-02,HOU,PHX,PHX,-12.0,229.5
334,2022-12-02,IND,UTA,UTA,-4.0,240.5
335,2022-12-02,CHI,GSW,GSW,-7.0,237.5
336,2022-12-03,DAL,NYK,DAL,-1.0,224.0
337,2022-12-03,SAC,LAC,SAC,-3.5,228.0
338,2022-12-03,MIL,CHA,MIL,-2.0,220.5
339,2022-12-03,ORL,TOR,TOR,-11.5,220.5
340,2022-12-03,OKC,MIN,MIN,-5.5,233.5
341,2022-12-03,HOU,GSW,GSW,-11.5,235.0
342,2022-12-03,POR,UTA,UTA,-5.0,227.5
343,2022-12-04,DEN,NOP,NOP,-2.0,231.0
344,2022-12-04,PHX,SAS,PHX,-10.0,230.5
345,2022-12-04,BOS,BKN,BOS,-2.5,230.5
346,2022-12-04,MEM,DET,MEM,-6.5,228.5
347,2022-12-04,CLE,NYK,CLE,-2.5,222.5
348,2022-12-04,LAL,WAS,WAS,-1.5,234.5
349,2022-12-04,CHI,SAC,SAC,-3.5,239.5
350,2022-12-04,IND,POR,POR,-5.0,232.5
351,2022-12-05,LAC,CHA,LAC,-6.0,217.5
352,2022-12-05,MIL,ORL,MIL,-10.5,226.5
353,2022-12-05,OKC,ATL,ATL,-6.5,237.0
354,2022-12-05,BOS,TOR,TOR,-2.0,228.5
355,2022-12-05,PHI,HOU,PHI,-8.0,222.5
356,2022-12-05,MIA,MEM,MIA,-5.0,218.5
357,2022-12-05,PHX,DAL,DAL,-3.0,223.0
358,2022-12-05,IND,GSW,GSW,-12.0,240.0
359,2022-12-06,LAL,CLE,CLE,-6.0,224.5
360,2022-12-06,DET,MIA,MIA,-7.5,220.0
361,2022-12-06,DAL,DEN,DEN,-4.0,223.5
362,2022-12-07,LAC,ORL,LAC,-6.5,216.5
363,2022-12-07,CHA,BKN,BKN,-10.0,223.5
364,2022-12-07,ATL,NYK,NYK,-2.5,232.5
365,2022-12-07,LAL,TOR,TOR,-12.5,229.0
366,2022-12-07,WAS,CHI,CHI,-5.0,227.0
367,2022-12-07,OKC,MEM,MEM,-8.5,233.0
368,2022-12-07,SAC,MIL,MIL,-6.5,236.5
369,2022-12-07,IND,MIN,MIN,-4.0,238.5
370,2022-12-07,DET,NOP,NOP,-11.0,229.0
371,2022-12-07,GSW,UTA,UTA,-5.5,230.5
372,2022-12-07,BOS,PHX,PHX,-2.0,230.5
373,2022-12-08,LAC,MIA,MIA,-6.5,211.0
374,2022-12-08,HOU,SAS,HOU,-2.0,230.0
375,2022-12-08,DEN,POR,DEN,-2.0,227.5
376,2022-12-09,NYK,CHA,NYK,-4.0,224.0
377,2022-12-09,WAS,IND,IND,-4.0,233.0
378,2022-12-09,TOR,ORL,TOR,-9.0,222.5
379,2022-12-09,ATL,BKN,BKN,-7.5,232.5
380,2022-12-09,SAC,CLE,CLE,-3.5,217.0
381,2022-12-09,LAL,PHI,PHI,-5.0,228.0
382,2022-12-09,DET,MEM,MEM,-11.0,227.5
383,2022-12-09,PHX,NOP,PHX,-1.5,229.0
384,2022-12-09,MIN,UTA,UTA,0,234.5
385,2022-12-09,MIL,DAL,MIL,-1.0,224.5
386,2022-12-10,SAS,MIA,MIA,-12.0,223.0
387,2022-12-10,BKN,IND,IND,-8.5,226.0
388,2022-12-10,LAC,WAS,LAC,-5.0,218.5
389,2022-12-10,OKC,CLE,CLE,-4.5,218.5
390,2022-12-10,DAL,CHI,CHI,-5.5,220.0
391,2022-12-10,BOS,GSW,BOS,-2.5,237.0
392,2022-12-10,UTA,DEN,DEN,-11.5,228.5
393,2022-12-10,MIN,POR,POR,-5.5,230.0
394,2022-12-11,PHX,NOP,NOP,-3.5,227.0
395,2022-12-11,LAL,DET,LAL,-5.0,234.0
396,2022-12-11,SAC,NYK,NYK,-2.5,226.0
397,2022-12-11,TOR,ORL,TOR,-6.5,223.0
398,2022-12-11,CHA,PHI,PHI,-10.5,219.5
399,2022-12-11,CHI,ATL,ATL,-3.5,235.0
400,2022-12-11,MIL,HOU,MIL,-10.0,227.0
401,2022-12-12,MIA,IND,MIA,-3.5,228.5
402,2022-12-12,BKN,WAS,BKN,-5.5,227.0
403,2022-12-12,ATL,MEM,MEM,-9.5,220.5
404,2022-12-12,OKC,DAL,DAL,-8.5,227.5
405,2022-12-12,CLE,SAS,CLE,-9.5,221.5
406,2022-12-12,MIN,POR,POR,-3.5,229.5
407,2022-12-12,BOS,LAC,BOS,-4.0,225.0
408,2022-12-13,SAC,PHI,PHI,-4.0,229.0
409,2022-12-13,GSW,MIL,MIL,-2.5,232.5
410,2022-12-13,PHX,HOU,PHX,-6.5,224.0
411,2022-12-13,NOP,UTA,NOP,-2.0,232.5
412,2022-12-13,BOS,LAL,BOS,-4.0,237.0
413,2022-12-14,DET,CHA,CHA,-4.5,230.5
414,2022-12-14,GSW,IND,GSW,-1.5,239.0
415,2022-12-14,ATL,ORL,ATL,-3.0,226.0
416,2022-12-14,SAC,TOR,TOR,-5.0,233.0
417,2022-12-14,NYK,CHI,CHI,-3.5,226.5
418,2022-12-14,MIA,OKC,MIA,-2.5,222.5
419,2022-12-14,POR,SAS,POR,-7.0,231.5
420,2022-12-14,CLE,DAL,DAL,-2.5,217.5
421,2022-12-14,WAS,DEN,DEN,-11.5,224.5
422,2022-12-14,MIN,LAC,LAC,-7.0,221.5
423,2022-12-15,MIA,HOU,MIA,-2.5,218.0
424,2022-12-15,MIL,MEM,MEM,-3.5,226.5
425,2022-12-15,NOP,UTA,NOP,-1.5,232.5
426,2022-12-15,PHX,LAC,PHX,-6.5,218.5
427,2022-12-16,ATL,CHA,CHA,-2.5,240.0
428,2022-12-16,SAC,DET,SAC,-6.5,238.0
429,2022-12-16,ORL,BOS,BOS,-13.0,225.5
430,2022-12-16,IND,CLE,CLE,-7.5,222.0
431,2022-12-16,GSW,PHI,PHI,-8.5,221.0
432,2022-12-16,BKN,TOR,TOR,0,224.0
433,2022-12-16,NYK,CHI,CHI,-3.0,225.5
434,2022-12-16,MIN,OKC,OKC,-4.5,234.0
435,2022-12-16,POR,DAL,DAL,-4.0,226.5
436,2022-12-16,DEN,LAL,DEN,-1.5,236.5
437,2022-12-17,WAS,LAC,LAC,-5.5,219.0
438,2022-12-17,MIA,SAS,MIA,-8.0,222.5
439,2022-12-17,DAL,CLE,CLE,-8.5,211.5
440,2022-12-17,POR,HOU,POR,-3.5,227.5
441,2022-12-17,UTA,MIL,MIL,-2.0,227.5
442,2022-12-17,MEM,OKC,MEM,-11.0,230.0
443,2022-12-17,NOP,PHX,PHX,-3.0,228.0
444,2022-12-18,ORL,BOS,BOS,-10.5,223.0
445,2022-12-18,NYK,IND,NYK,-1.0,227.0
446,2022-12-18,BKN,DET,BKN,-8.0,228.0
447,2022-12-18,GSW,TOR,TOR,-6.0,223.5
448,2022-12-18,CHI,MIN,CHI,-1.5,234.0
449,2022-12-18,CHA,DEN,DEN,-9.5,236.0
450,2022-12-18,WAS,LAL,LAL,-3.5,237.0
451,2022-12-19,UTA,CLE,CLE,-6.5,220.0
452,2022-12-19,TOR,PHI,PHI,-6.5,218.5
453,2022-12-19,ORL,ATL,ATL,-8.5,230.0
454,2022-12-19,SAS,HOU,HOU,-4.5,226.5
455,2022-12-19,DAL,MIN,DAL,-5.5,231.0
456,2022-12-19,MIL,NOP,NOP,-1.0,227.5
457,2022-12-19,POR,OKC,POR,-4.0,232.5
458,2022-12-19,LAL,PHX,PHX,-11.5,224.0
459,2022-12-19,CHA,SAC,SAC,-10.0,241.0
460,2022-12-20,UTA,DET,UTA,-2.5,228.5
461,2022-12-20,CHI,MIA,MIA,-1.5,221.5
462,2022-12-20,GSW,NYK,NYK,-6.0,220.5
463,2022-12-20,WAS,PHX,PHX,-7.0,223.5
464,2022-12-20,MEM,DEN,MEM,-1.5,235.0
465,2022-12-21,MIL,CLE,CLE,-2.5,216.0
466,2022-12-21,DET,PHI,PHI,-12.0,222.0
467,2022-12-21,CHI,ATL,ATL,-5.0,236.0
468,2022-12-21,IND,BOS,BOS,-9.0,232.0
469,2022-12-21,GSW,BKN,BKN,-10.5,223.5
470,2022-12-21,TOR,NYK,NYK,-2.0,218.0
471,2022-12-21,ORL,HOU,HOU,-1.0,224.0
472,2022-12-21,DAL,MIN,DAL,-2.0,227.5
473,2022-12-21,POR,OKC,POR,-4.0,234.0
474,2022-12-21,LAL,SAC,SAC,-8.0,240.0
475,2022-12-21,CHA,LAC,LAC,-9.0,228.0
476,2022-12-22,SAS,NOP,NOP,-8.5,229.0
477,2022-12-22,WAS,UTA,UTA,-7.0,232.0
478,2022-12-23,SAS,ORL,ORL,-6.0,228.0
479,2022-12-23,LAC,PHI,PHI,-3.5,214.0
480,2022-12-23,DET,ATL,ATL,-9.5,234.0
481,2022-12-23,MIN,BOS,BOS,-9.5,228.5
482,2022-12-23,MIL,BKN,BKN,-2.5,230.0
483,2022-12-23,TOR,CLE,CLE,-4.5,213.5
484,2022-12-23,CHI,NYK,NYK,-6.0,225.0
485,2022-12-23,IND,MIA,MIA,-6.0,224.0
486,2022-12-23,DAL,HOU,DAL,-7.0,220.0
487,2022-12-23,NOP,OKC,OKC,-1.5,233.5
488,2022-12-23,POR,DEN,DEN,-5.5,233.0
489,2022-12-23,MEM,PHX,MEM,-3.0,226.5
490,2022-12-23,WAS,SAC,SAC,-7.5,239.5
491,2022-12-23,CHA,LAL,LAL,-3.0,243.0
492,2022-12-25,PHI,NYK,PHI,-2.0,215.5
493,2022-12-25,LAL,DAL,DAL,-7.0,232.0
494,2022-12-25,MIL,BOS,BOS,-5.5,226.5
495,2022-12-25,MEM,GSW,MEM,-7.0,233.0
496,2022-12-25,PHX,DEN,DEN,-4.0,229.0
497,2022-12-26,BKN,CLE,CLE,-2.0,219.5
498,2022-12-26,LAC,DET,LAC,-5.5,222.5
499,2022-12-26,MIN,MIA,MIN,-1.0,222.5
500,2022-12-26,HOU,CHI,CHI,-7.0,231.5
501,2022-12-26,IND,NOP,NOP,-2.0,234.5
502,2022-12-26,UTA,SAS,UTA,-5.0,236.0
503,2022-12-26,CHA,POR,POR,-5.5,238.5
504,2022-12-27,LAL,ORL,ORL,-3.5,237.0
505,2022-12-27,PHI,WAS,PHI,-4.5,225.0
506,2022-12-27,HOU,BOS,BOS,-15.0,229.5
507,2022-12-27,ATL,IND,ATL,-1.5,238.5
508,2022-12-27,LAC,TOR,TOR,-4.0,218.5
509,2022-12-27,PHX,MEM,MEM,-8.0,224.0
510,2022-12-27,SAS,OKC,OKC,-7.0,237.0
511,2022-12-27,NYK,DAL,DAL,-5.5,216.0
512,2022-12-27,CHA,GSW,GSW,-5.0,240.0
513,2022-12-27,DEN,SAC,DEN,-3.0,237.5
514,2022-12-28,ORL,DET,ORL,-1.0,228.5
515,2022-12-28,PHX,WAS,PHX,-2.5,221.5
516,2022-12-28,BKN,ATL,BKN,-7.5,231.0
517,2022-12-28,LAL,MIA,MIA,-9.0,227.0
518,2022-12-28,MIL,CHI,MIL,-2.5,231.0
519,2022-12-28,MIN,NOP,NOP,-6.5,233.0
520,2022-12-28,UTA,GSW,UTA,-4.5,232.0
521,2022-12-28,DEN,SAC,SAC,-3.0,237.0
522,2022-12-29,OKC,CHA,CHA,-2.5,239.0
523,2022-12-29,CLE,IND,CLE,-4.0,225.5
524,2022-12-29,LAC,BOS,BOS,-7.0,227.0
525,2022-12-29,MEM,TOR,MEM,-4.0,231.0
526,2022-12-29,NYK,SAS,NYK,-4.5,222.0
527,2022-12-29,HOU,DAL,DAL,-10.0,227.0
528,2022-12-30,WAS,ORL,WAS,-4.5,226.5
529,2022-12-30,LAL,ATL,ATL,-6.0,243.0
530,2022-12-30,PHX,TOR,TOR,-2.0,221.0
531,2022-12-30,DET,CHI,CHI,-7.5,230.5
532,2022-12-30,MIN,MIL,MIL,-7.5,229.5
533,2022-12-30,PHI,NOP,PHI,-1.0,229.5
534,2022-12-30,MIA,DEN,DEN,-4.0,223.5
535,2022-12-30,POR,GSW,POR,-1.0,233.5
536,2022-12-30,UTA,SAC,SAC,-3.0,242.0
537,2022-12-31,LAC,IND,LAC,-2.5,231.0
538,2022-12-31,BKN,CHA,BKN,-6.0,237.5
539,2022-12-31,CLE,CHI,CLE,-2.5,224.5
540,2022-12-31,NYK,HOU,NYK,-4.0,222.5
541,2022-12-31,DAL,SAS,DAL,-7.5,231.5
542,2022-12-31,NOP,MEM,MEM,-6.5,236.5
543,2022-12-31,DET,MIN,MIN,-7.5,233.0
544,2022-12-31,PHI,OKC,PHI,-2.5,225.0
545,2022-12-31,MIA,UTA,UTA,-4.0,225.0
546,2023-01-01,SAC,MEM,MEM,-4.0,240.0
547,2023-01-01,WAS,MIL,MIL,-2.5,220.0
548,2023-01-01,BOS,DEN,BOS,-3.5,233.5
549,2023-01-02,PHX,NYK,NYK,-3.0,219.5
550,2023-01-02,LAL,CHA,CHA,-2.0,241.5
551,2023-01-02,CHI,CLE,CLE,-4.0,225.0
552,2023-01-02,TOR,IND,TOR,-2.0,233.0
553,2023-01-02,NOP,PHI,PHI,-5.0,229.5
554,2023-01-02,SAS,BKN,BKN,-11.5,236.5
555,2023-01-02,DAL,HOU,DAL,-7.5,228.0
556,2023-01-02,DEN,MIN,DEN,-4.5,231.0
557,2023-01-02,ATL,GSW,GSW,-1.5,236.5
558,2023-01-02,DET,POR,POR,-10.0,231.5
559,2023-01-02,MIA,LAC,MIA,-1.0,218.0
560,2023-01-03,WAS,MIL,MIL,-7.5,232.5
561,2023-01-03,BOS,OKC,BOS,-11.0,228.5
562,2023-01-03,SAC,UTA,UTA,-3.0,242.5
563,2023-01-04,MEM,CHA,MEM,-7.5,236.5
564,2023-01-04,PHX,CLE,CLE,-5.5,216.0
565,2023-01-04,OKC,ORL,OKC,-1.0,230.0
566,2023-01-04,IND,PHI,PHI,-5.0,233.0
567,2023-01-04,SAS,NYK,NYK,-10.0,225.0
568,2023-01-04,MIL,TOR,TOR,-5.5,223.0
569,2023-01-04,BKN,CHI,BKN,-5.0,234.0
570,2023-01-04,POR,MIN,POR,-1.0,234.5
571,2023-01-04,HOU,NOP,NOP,-7.5,229.5
572,2023-01-04,DET,GSW,GSW,-7.0,231.5
573,2023-01-04,MIA,LAL,MIA,-8.5,224.0
574,2023-01-04,ATL,SAC,SAC,-1.5,245.0
575,2023-01-05,MEM,ORL,MEM,-6.5,230.0
576,2023-01-05,BOS,DAL,BOS,-3.0,232.0
577,2023-01-05,UTA,HOU,UTA,-7.0,231.5
578,2023-01-05,LAC,DEN,DEN,-4.5,230.0
579,2023-01-06,POR,IND,IND,-1.5,237.5
580,2023-01-06,CHI,PHI,PHI,-5.0,234.0
581,2023-01-06,NYK,TOR,TOR,-3.5,216.0
582,2023-01-06,CHA,MIL,MIL,-10.0,230.0
583,2023-01-06,WAS,OKC,OKC,-1.0,231.5
584,2023-01-06,DET,SAS,SAS,-2.0,236.5
585,2023-01-06,BKN,NOP,BKN,-4.5,231.5
586,2023-01-06,LAC,MIN,MIN,-5.5,224.0
587,2023-01-06,CLE,DEN,DEN,-5.0,221.5
588,2023-01-06,MIA,PHX,MIA,-1.0,210.5
589,2023-01-06,ATL,LAL,ATL,-2.5,242.0
590,2023-01-07,BOS,SAS,BOS,-15.0,234.0
591,2023-01-07,UTA,CHI,UTA,-2.5,239.0
592,2023-01-07,NOP,DAL,DAL,-9.0,222.5
593,2023-01-07,ORL,GSW,GSW,-7.0,230.5
594,2023-01-07,LAL,SAC,SAC,-7.5,243.0
595,2023-01-08,PHI,DET,PHI,-6.0,229.5
596,2023-01-08,POR,TOR,TOR,-3.0,226.5
597,2023-01-08,CHA,IND,IND,-5.0,240.5
598,2023-01-08,BKN,MIA,BKN,-2.0,223.0
599,2023-01-08,UTA,MEM,MEM,-5.5,234.5
600,2023-01-08,MIN,HOU,MIN,-3.5,232.5
601,2023-01-08,DAL,OKC,OKC,-4.0,227.0
602,2023-01-08,CLE,PHX,CLE,-6.0,215.5
603,2023-01-08,ATL,LAC,LAC,-2.5,233.0
604,2023-01-09,NOP,WAS,WAS,-1.5,227.5
605,2023-01-09,CHI,BOS,BOS,-9.0,234.5
606,2023-01-09,MIL,NYK,NYK,0,218.5
607,2023-01-09,SAS,MEM,MEM,-11.0,234.0
608,2023-01-09,LAL,DEN,DEN,-13.0,237.0
609,2023-01-09,ORL,SAC,SAC,-6.5,237.5
610,2023-01-10,OKC,MIA,MIA,-2.0,221.0
611,2023-01-10,DET,PHI,PHI,-14.0,225.0
612,2023-01-10,CHA,TOR,TOR,-7.5,229.5
613,2023-01-10,CLE,UTA,CLE,-2.5,226.5
614,2023-01-10,PHX,GSW,GSW,-12.0,230.0
615,2023-01-10,ORL,POR,POR,-8.5,229.0
616,2023-01-10,DAL,LAC,LAC,-1.5,224.5
617,2023-01-11,MIN,DET,MIN,-6.5,233.5
618,2023-01-11,CHI,WAS,CHI,-1.5,228.0
619,2023-01-11,MIL,ATL,MIL,-4.0,227.5
620,2023-01-11,NOP,BOS,BOS,-9.0,229.5
621,2023-01-11,IND,NYK,NYK,-5.0,226.5
622,2023-01-11,SAS,MEM,MEM,-13.0,241.5
623,2023-01-11,PHX,DEN,DEN,-14.0,227.0
624,2023-01-11,HOU,SAC,SAC,-9.0,236.5
625,2023-01-12,OKC,PHI,PHI,-10.0,233.0
626,2023-01-12,BOS,BKN,BOS,-1.0,225.5
627,2023-01-12,MIL,MIA,MIA,-6.0,212.0
628,2023-01-12,CHA,TOR,TOR,-7.5,229.5
629,2023-01-12,DAL,LAL,DAL,-2.5,237.5
630,2023-01-12,CLE,POR,CLE,-1.0,224.0
631,2023-01-13,NOP,DET,NOP,-5.5,234.5
632,2023-01-13,ATL,IND,ATL,-3.5,239.0
633,2023-01-13,NYK,WAS,NYK,-4.0,220.0
634,2023-01-13,GSW,SAS,GSW,-8.5,243.5
635,2023-01-13,OKC,CHI,CHI,-4.5,233.5
636,2023-01-13,PHX,MIN,MIN,-6.5,222.5
637,2023-01-13,ORL,UTA,UTA,-5.5,233.5
638,2023-01-13,DEN,LAC,LAC,-5.0,221.0
639,2023-01-13,HOU,SAC,SAC,-9.5,239.0
640,2023-01-14,MIL,MIA,MIA,-4.0,212.0
641,2023-01-14,BOS,CHA,BOS,-8.0,232.5
642,2023-01-14,MEM,IND,MEM,-8.0,241.0
643,2023-01-14,ATL,TOR,TOR,-7.5,232.0
644,2023-01-14,CLE,MIN,CLE,-4.5,225.0
645,2023-01-14,PHI,UTA,PHI,-7.0,231.5
646,2023-01-14,DAL,POR,POR,-4.0,226.5
647,2023-01-15,NYK,DET,NYK,-9.0,225.0
648,2023-01-15,HOU,LAC,LAC,-10.0,221.0
649,2023-01-15,GSW,CHI,GSW,-6.0,237.5
650,2023-01-15,OKC,BKN,BKN,-4.5,230.5
651,2023-01-15,SAC,SAS,SAC,-6.5,246.0
652,2023-01-15,ORL,DEN,DEN,-11.0,234.0
653,2023-01-15,DAL,POR,POR,-9.0,223.5
654,2023-01-15,PHI,LAL,PHI,-5.5,235.0
655,2023-01-16,BOS,CHA,BOS,-9.0,230.5
656,2023-01-16,IND,MIL,MIL,-5.0,227.5
657,2023-01-16,NOP,CLE,CLE,-7.5,223.0
658,2023-01-16,TOR,NYK,NYK,-1.5,218.5
659,2023-01-16,GSW,WAS,GSW,-2.5,235.0
660,2023-01-16,MIA,ATL,ATL,-1.0,223.0
661,2023-01-16,UTA,MIN,MIN,-4.5,232.0
662,2023-01-16,PHX,MEM,MEM,-12.5,231.5
663,2023-01-16,HOU,LAL,LAL,-7.5,236.5
664,2023-01-17,TOR,MIL,MIL,-1.5,221.5
665,2023-01-17,BKN,SAS,BKN,-2.0,229.0
666,2023-01-17,POR,DEN,DEN,-6.0,238.5
667,2023-01-17,PHI,LAC,LAC,-1.5,224.5
668,2023-01-18,WAS,NYK,NYK,-5.0,225.0
669,2023-01-18,ATL,DAL,DAL,-2.5,231.5
670,2023-01-18,CHA,HOU,CHA,-3.0,236.5
671,2023-01-18,CLE,MEM,MEM,-7.5,227.0
672,2023-01-18,MIA,NOP,MIA,-3.5,219.5
673,2023-01-18,IND,OKC,OKC,-3.5,238.0
674,2023-01-18,LAC,UTA,UTA,-8.5,229.5
675,2023-01-18,MIN,DEN,DEN,-9.0,241.5
676,2023-01-18,SAC,LAL,LAL,-2.5,244.5
677,2023-01-19,CHI,DET,CHI,-7.5,236.5
678,2023-01-19,GSW,BOS,BOS,-6.5,241.5
679,2023-01-19,TOR,MIN,TOR,-4.0,233.5
680,2023-01-19,BKN,PHX,BKN,-3.5,221.5
681,2023-01-19,PHI,POR,PHI,-1.5,235.0
682,2023-01-20,NOP,ORL,NOP,-1.0,230.0
683,2023-01-20,NYK,ATL,ATL,-3.5,229.0
684,2023-01-20,GSW,CLE,CLE,-10.5,219.0
685,2023-01-20,MIA,DAL,MIA,-2.0,218.5
686,2023-01-20,LAC,SAS,LAC,-7.5,231.0
687,2023-01-20,IND,DEN,DEN,-6.0,235.5
688,2023-01-20,BKN,UTA,UTA,-4.5,232.5
689,2023-01-20,MEM,LAL,MEM,-7.0,244.0
690,2023-01-20,OKC,SAC,SAC,-5.5,244.0
691,2023-01-21,BOS,TOR,BOS,-3.5,224.0
692,2023-01-21,ORL,WAS,WAS,-6.5,231.0
693,2023-01-21,CHA,ATL,ATL,-7.5,234.0
694,2023-01-21,MIL,CLE,CLE,-3.0,218.0
695,2023-01-21,HOU,MIN,MIN,-8.0,239.5
696,2023-01-21,IND,PHX,PHX,-3.0,228.0
697,2023-01-21,PHI,SAC,SAC,-5.5,234.0
698,2023-01-22,NOP,MIA,MIA,-7.5,217.5
699,2023-01-22,NYK,TOR,TOR,-2.0,223.5
700,2023-01-22,LAC,DAL,DAL,-2.0,221.5
701,2023-01-22,OKC,DEN,DEN,-3.0,233.0
702,2023-01-22,MEM,PHX,MEM,-8.5,231.5
703,2023-01-22,BKN,GSW,GSW,-7.5,236.0
704,2023-01-22,LAL,POR,POR,-6.0,239.0
705,2023-01-23,MIL,DET,MIL,-11.5,236.5
706,2023-01-23,BOS,ORL,BOS,-7.5,229.0
707,2023-01-23,ATL,CHI,CHI,-1.5,240.0
708,2023-01-23,MIN,HOU,MIN,-6.0,233.0
709,2023-01-23,CHA,UTA,UTA,-9.0,236.5
710,2023-01-23,SAS,POR,POR,-8.5,240.5
711,2023-01-23,MEM,SAC,SAC,-4.0,244.5
712,2023-01-24,CHI,IND,CHI,-1.5,234.5
713,2023-01-24,BOS,MIA,MIA,-2.5,214.5
714,2023-01-24,CLE,NYK,CLE,-3.0,220.0
715,2023-01-24,DEN,NOP,DEN,-3.0,232.0
716,2023-01-24,WAS,DAL,DAL,-7.0,223.5
717,2023-01-24,CHA,PHX,PHX,-7.5,222.5
718,2023-01-24,LAC,LAL,LAC,-4.5,231.5
719,2023-01-25,IND,ORL,ORL,-5.0,234.5
720,2023-01-25,BKN,PHI,PHI,-7.5,225.0
721,2023-01-25,WAS,HOU,WAS,-2.0,234.0
722,2023-01-25,DEN,MIL,MIL,-12.5,227.5
723,2023-01-25,MIN,NOP,NOP,-2.5,229.5
724,2023-01-25,ATL,OKC,ATL,-1.0,238.0
725,2023-01-25,MEM,GSW,GSW,-2.5,246.0
726,2023-01-25,UTA,POR,POR,-3.5,239.0
727,2023-01-25,TOR,SAC,SAC,-3.5,237.5
728,2023-01-25,SAS,LAL,LAL,-8.0,246.0
729,2023-01-26,NYK,BOS,BOS,-8.5,221.5
730,2023-01-26,DET,BKN,BKN,-7.5,234.5
731,2023-01-26,CHI,CHA,CHI,-3.0,236.0
732,2023-01-26,CLE,HOU,CLE,-8.0,217.0
733,2023-01-26,DAL,PHX,PHX,-1.0,221.0
734,2023-01-26,SAS,LAC,LAC,-13.0,234.0
735,2023-01-27,MIL,IND,MIL,-6.5,239.0
736,2023-01-27,MEM,MIN,MEM,-1.0,236.0
737,2023-01-27,ORL,MIA,MIA,-8.5,219.0
738,2023-01-27,CLE,OKC,OKC,-1.0,221.5
739,2023-01-27,TOR,GSW,GSW,-4.0,234.0
740,2023-01-28,DEN,PHI,PHI,-3.0,231.5
741,2023-01-28,NYK,BKN,BKN,0,224.0
742,2023-01-28,HOU,DET,DET,-6.0,234.5
743,2023-01-28,CHI,ORL,CHI,-2.5,230.5
744,2023-01-28,LAC,ATL,ATL,-1.0,230.5
745,2023-01-28,SAC,MIN,SAC,-1.0,238.0
746,2023-01-28,WAS,NOP,NOP,-5.5,230.5
747,2023-01-28,PHX,SAS,PHX,-5.5,232.0
748,2023-01-28,LAL,BOS,BOS,-7.5,234.0
749,2023-01-28,DAL,UTA,UTA,-7.5,223.0
750,2023-01-28,TOR,POR,POR,-3.0,231.5
751,2023-01-29,MIA,CHA,MIA,-6.0,224.0
752,2023-01-29,IND,MEM,MEM,-8.0,242.0
753,2023-01-29,LAC,CLE,CLE,-11.5,215.5
754,2023-01-29,NOP,MIL,MIL,-10.5,229.0
755,2023-01-30,ORL,PHI,PHI,-10.0,230.5
756,2023-01-30,LAL,BKN,BKN,-9.0,231.0
757,2023-01-30,SAC,MIN,SAC,-1.0,236.5
758,2023-01-30,GSW,OKC,GSW,-5.0,242.5
759,2023-01-30,WAS,SAS,WAS,-5.5,240.5
760,2023-01-30,DET,DAL,DAL,-10.5,232.0
761,2023-01-30,TOR,PHX,PHX,-1.0,220.0
762,2023-01-30,ATL,POR,POR,-5.5,231.5
763,2023-01-31,MIA,CLE,CLE,-4.0,211.5
764,2023-01-31,LAL,NYK,NYK,-2.0,231.0
765,2023-01-31,LAC,CHI,LAC,-3.0,225.0
766,2023-01-31,CHA,MIL,MIL,-11.5,244.5
767,2023-01-31,NOP,DEN,DEN,-7.0,232.5
768,2023-02-01,ORL,PHI,PHI,-10.5,229.5
769,2023-02-01,POR,MEM,MEM,-6.0,239.5
770,2023-02-01,BKN,BOS,BOS,-9.0,224.0
771,2023-02-01,OKC,HOU,OKC,-6.0,232.0
772,2023-02-01,GSW,MIN,GSW,-5.5,241.0
773,2023-02-01,SAC,SAS,SAC,-7.5,244.0
774,2023-02-01,TOR,UTA,UTA,-2.5,230.5
775,2023-02-01,ATL,PHX,PHX,-1.0,231.0
776,2023-02-02,LAL,IND,LAL,-2.5,240.5
777,2023-02-02,MEM,CLE,CLE,-6.5,222.5
778,2023-02-02,MIA,NYK,MIA,-3.0,212.0
779,2023-02-02,CHA,CHI,CHI,-6.5,237.5
780,2023-02-02,NOP,DAL,DAL,-5.0,223.0
781,2023-02-02,GSW,DEN,DEN,-6.0,237.5
782,2023-02-02,LAC,MIL,MIL,-4.5,230.0
783,2023-02-03,CHA,DET,CHA,-1.0,240.0
784,2023-02-03,SAC,IND,SAC,-1.5,235.0
785,2023-02-03,POR,WAS,WAS,-4.5,239.0
786,2023-02-03,PHX,BOS,BOS,-10.0,220.0
787,2023-02-03,TOR,HOU,TOR,-8.0,223.0
788,2023-02-03,ORL,MIN,MIN,-5.5,229.5
789,2023-02-03,PHI,SAS,PHI,-10.0,234.0
790,2023-02-03,ATL,UTA,UTA,-1.0,241.5
791,2023-02-04,WAS,BKN,WAS,-1.0,222.5
792,2023-02-04,PHX,DET,PHX,-5.0,228.5
793,2023-02-04,LAC,NYK,LAC,-2.5,221.0
794,2023-02-04,POR,CHI,CHI,-3.5,235.0
795,2023-02-04,MIA,MIL,MIL,-6.0,224.0
796,2023-02-04,LAL,NOP,NOP,0,233.5
797,2023-02-04,HOU,OKC,OKC,-10.0,231.5
798,2023-02-04,DAL,GSW,GSW,-10.5,225.5
799,2023-02-04,ATL,DEN,DEN,-10.5,229.0
800,2023-02-05,ORL,CHA,CHA,-2.0,236.0
801,2023-02-05,CLE,IND,CLE,-4.0,227.5
802,2023-02-05,PHI,NYK,PHI,-4.5,226.0
803,2023-02-05,TOR,MEM,MEM,-1.5,228.5
804,2023-02-05,DEN,MIN,MIN,-9.0,225.5
805,2023-02-05,SAC,NOP,SAC,-2.0,228.0
806,2023-02-06,BOS,DET,BOS,-10.0,227.5
807,2023-02-06,CLE,WAS,CLE,-4.0,220.5
808,2023-02-06,LAC,BKN,LAC,-8.5,221.0
809,2023-02-06,SAS,CHI,CHI,-9.5,239.0
810,2023-02-06,SAC,HOU,SAC,-7.0,238.5
811,2023-02-06,DAL,UTA,UTA,-9.5,222.0
812,2023-02-06,OKC,GSW,GSW,-3.0,232.0
813,2023-02-06,MIL,POR,MIL,-4.5,241.0
814,2023-02-07,NYK,ORL,NYK,-1.0,224.5
815,2023-02-07,PHX,BKN,PHX,-7.0,223.5
816,2023-02-07,ATL,NOP,NOP,-1.0,237.0
817,2023-02-07,CHI,MEM,MEM,-9.5,231.5
818,2023-02-07,MIN,DEN,DEN,-8.0,232.0
819,2023-02-07,OKC,LAL,LAL,-7.0,240.5
820,2023-02-08,DET,CLE,CLE,-8.5,217.5
821,2023-02-08,CHA,WAS,WAS,-3.5,235.5
822,2023-02-08,PHI,BOS,BOS,-2.5,227.0
823,2023-02-08,IND,MIA,MIA,-6.5,225.0
824,2023-02-08,SAS,TOR,TOR,-10.5,233.0
825,2023-02-08,SAC,HOU,SAC,-8.5,237.5
826,2023-02-08,MIN,UTA,UTA,-8.5,233.0
827,2023-02-08,DAL,LAC,LAC,-8.0,220.5
828,2023-02-08,GSW,POR,POR,-2.5,234.5
829,2023-02-09,DEN,ORL,DEN,-5.0,230.0
830,2023-02-09,PHX,ATL,ATL,-8.0,226.5
831,2023-02-09,CHI,BKN,CHI,-3.0,227.5
832,2023-02-09,MIL,LAL,MIL,-8.0,234.5
833,2023-02-10,SAS,DET,DET,-5.5,235.5
834,2023-02-10,PHX,IND,IND,-3.0,231.0
835,2023-02-10,NYK,PHI,PHI,-7.0,222.0
836,2023-02-10,CHA,BOS,BOS,-10.5,226.5
837,2023-02-10,UTA,TOR,TOR,-8.5,230.5
838,2023-02-10,HOU,MIA,MIA,-12.0,219.5
839,2023-02-10,MIN,MEM,MEM,-6.5,231.0
840,2023-02-10,CLE,NOP,CLE,-3.0,222.0
841,2023-02-10,OKC,POR,POR,-2.5,239.5
842,2023-02-10,DAL,SAC,SAC,-4.5,232.5
843,2023-02-10,MIL,LAC,MIL,-2.0,228.0
844,2023-02-11,PHI,BKN,PHI,-2.5,223.5
845,2023-02-11,DEN,CHA,DEN,-6.5,237.0
846,2023-02-11,MIA,ORL,MIA,-1.0,213.5
847,2023-02-11,IND,WAS,WAS,-5.5,236.0
848,2023-02-11,SAS,ATL,ATL,-12.5,241.0
849,2023-02-11,UTA,NYK,NYK,-5.5,230.5
850,2023-02-11,CHI,CLE,CLE,-6.5,220.5
851,2023-02-11,LAL,GSW,GSW,-5.5,235.5
852,2023-02-11,DAL,SAC,DAL,-1.5,237.5
853,2023-02-12,MEM,BOS,BOS,-3.0,224.5
854,2023-02-12,DET,TOR,TOR,-11.0,225.5
855,2023-02-13,ATL,CHA,ATL,-5.5,241.5
856,2023-02-13,SAS,CLE,CLE,-16.0,225.5
857,2023-02-13,UTA,IND,UTA,-1.0,242.5
858,2023-02-13,HOU,PHI,PHI,-14.0,226.5
859,2023-02-13,DEN,MIA,MIA,0,217.0
860,2023-02-13,BKN,NYK,NYK,-3.0,220.0
861,2023-02-13,ORL,CHI,CHI,-4.0,225.0
862,2023-02-13,NOP,OKC,OKC,-3.0,235.0
863,2023-02-13,MIN,DAL,DAL,-5.5,232.0
864,2023-02-13,WAS,GSW,GSW,-3.5,233.5
865,2023-02-13,LAL,POR,POR,-2.0,238.5
866,2023-02-14,ORL,TOR,TOR,-7.5,220.0
867,2023-02-14,BOS,MIL,MIL,-9.5,225.5
868,2023-02-14,SAC,PHX,PHX,-2.5,234.0
869,2023-02-14,GSW,LAC,LAC,-8.0,229.0
870,2023-02-14,WAS,POR,WAS,-1.5,237.0
871,2023-02-15,SAS,CHA,CHA,-5.0,243.5
872,2023-02-15,CHI,IND,IND,-2.5,228.0
873,2023-02-15,CLE,PHI,PHI,-1.5,217.5
874,2023-02-15,NYK,ATL,ATL,-4.0,233.5
875,2023-02-15,DET,BOS,BOS,-12.0,227.5
876,2023-02-15,MIA,BKN,BKN,-1.5,211.0
877,2023-02-15,UTA,MEM,MEM,-11.5,238.0
878,2023-02-15,HOU,OKC,OKC,-9.5,235.5
879,2023-02-15,DAL,DEN,DEN,-6.0,229.0
880,2023-02-15,NOP,LAL,LAL,-4.5,235.0
881,2023-02-16,MIL,CHI,MIL,-7.5,229.5
882,2023-02-16,WAS,MIN,MIN,-3.5,234.5
883,2023-02-16,LAC,PHX,LAC,-1.0,222.0
884,2023-02-23,DEN,CLE,CLE,-3.0,224.5
885,2023-02-23,BOS,IND,BOS,-8.0,233.0
886,2023-02-23,DET,ORL,ORL,-8.0,229.5
887,2023-02-23,MEM,PHI,PHI,-3.0,232.0
888,2023-02-23,NOP,TOR,TOR,-4.5,226.5
889,2023-02-23,SAS,DAL,DAL,-14.0,240.0
890,2023-02-23,OKC,UTA,UTA,-1.5,239.5
891,2023-02-23,GSW,LAL,LAL,-6.0,238.0
892,2023-02-23,POR,SAC,SAC,-11.0,234.0
893,2023-02-24,NYK,WAS,NYK,-1.0,227.0
894,2023-02-24,CLE,ATL,ATL,0,228.5
895,2023-02-24,MIA,MIL,MIL,-5.0,222.0
896,2023-02-24,CHA,MIN,MIN,-7.5,241.5
897,2023-02-24,OKC,PHX,PHX,-9.0,227.0
898,2023-02-24,BKN,CHI,CHI,-2.0,222.5
899,2023-02-24,HOU,GSW,GSW,-8.5,230.0
900,2023-02-24,SAC,LAC,LAC,-6.0,238.5
901,2023-02-25,TOR,DET,TOR,-8.5,227.5
902,2023-02-25,MIA,CHA,MIA,-6.5,229.0
903,2023-02-25,IND,ORL,ORL,-2.5,230.0
904,2023-02-25,NOP,NYK,NYK,-4.0,223.5
905,2023-02-25,DEN,MEM,MEM,-3.0,235.0
906,2023-02-25,BOS,PHI,PHI,-1.0,225.5
907,2023-02-25,SAS,UTA,UTA,-10.5,240.5
908,2023-02-26,PHX,MIL,MIL,-3.0,231.5
909,2023-02-26,BKN,ATL,ATL,-7.0,233.5
910,2023-02-26,WAS,CHI,CHI,-6.0,223.0
911,2023-02-26,LAL,DAL,DAL,-4.5,236.0
912,2023-02-26,TOR,CLE,CLE,-7.5,218.5
913,2023-02-26,SAC,OKC,SAC,-4.0,239.0
914,2023-02-26,MIN,GSW,GSW,-2.0,237.0
915,2023-02-26,HOU,POR,POR,-9.5,230.0
916,2023-02-26,LAC,DEN,DEN,-4.0,236.0
917,2023-02-27,DET,CHA,CHA,-7.0,233.5
918,2023-02-27,MIA,PHI,PHI,-5.5,217.0
919,2023-02-27,BOS,NYK,BOS,-2.0,224.5
920,2023-02-27,ORL,NOP,NOP,-5.0,229.5
921,2023-02-28,WAS,ATL,ATL,-7.5,233.0
922,2023-02-28,MIL,BKN,MIL,-6.5,232.0
923,2023-02-28,CHI,TOR,TOR,-4.5,219.5
924,2023-02-28,DEN,HOU,DEN,-12.0,231.5
925,2023-02-28,LAL,MEM,MEM,-9.0,230.5
926,2023-02-28,SAC,OKC,SAC,-2.5,230.0
927,2023-02-28,IND,DAL,DAL,-8.5,236.5
928,2023-02-28,SAS,UTA,UTA,-10.0,235.5
929,2023-02-28,POR,GSW,GSW,-5.0,234.5
930,2023-02-28,MIN,LAC,LAC,-6.5,232.0
931,2023-03-01,PHX,CHA,PHX,-10.5,228.0
932,2023-03-01,CHI,DET,CHI,-7.0,222.0
933,2023-03-01,CLE,BOS,BOS,-5.0,219.0
934,2023-03-01,PHI,MIA,MIA,-4.0,215.5
935,2023-03-01,BKN,NYK,NYK,-8.0,223.5
936,2023-03-01,MEM,HOU,MEM,-11.0,231.0
937,2023-03-01,ORL,MIL,MIL,-8.0,229.0
938,2023-03-01,LAL,OKC,OKC,-3.0,228.0
939,2023-03-01,NOP,POR,POR,-3.0,234.5
940,2023-03-02,TOR,WAS,TOR,-1.5,223.0
941,2023-03-02,PHI,DAL,DAL,-4.0,229.5
942,2023-03-02,IND,SAS,IND,-4.0,235.0
943,2023-03-02,LAC,GSW,LAC,-3.0,231.5
944,2023-03-03,ORL,CHA,ORL,-4.0,225.0
945,2023-03-03,POR,ATL,ATL,-8.0,242.0
946,2023-03-03,BKN,BOS,BOS,-11.0,227.0
947,2023-03-03,NYK,MIA,MIA,0,217.0
948,2023-03-03,PHX,CHI,PHX,-3.5,224.5
949,2023-03-03,UTA,OKC,OKC,-1.0,230.5
950,2023-03-03,MEM,DEN,DEN,-6.0,234.5
951,2023-03-03,NOP,GSW,GSW,-5.0,231.5
952,2023-03-03,LAC,SAC,SAC,-7.5,239.5
953,2023-03-03,MIN,LAL,MIN,-1.5,226.0
954,2023-03-04,TOR,WAS,TOR,-2.5,222.5
955,2023-03-04,DET,CLE,CLE,-16.0,219.5
956,2023-03-04,ATL,MIA,MIA,-3.0,226.5
957,2023-03-04,HOU,SAS,HOU,-1.0,230.0
958,2023-03-04,PHI,MIL,MIL,-4.5,232.5
959,2023-03-04,MIN,SAC,SAC,-4.0,238.0
960,2023-03-05,PHX,DAL,PHX,-2.0,233.5
961,2023-03-05,IND,CHI,CHI,-5.5,227.0
962,2023-03-05,GSW,LAL,GSW,-5.0,234.5
963,2023-03-05,CHA,BKN,BKN,-8.0,230.0
964,2023-03-05,POR,ORL,ORL,-3.0,231.5
965,2023-03-05,SAS,HOU,HOU,-4.5,232.5
966,2023-03-05,UTA,OKC,OKC,-6.5,236.0
967,2023-03-05,NYK,BOS,BOS,-6.5,226.0
968,2023-03-05,MEM,LAC,LAC,-7.5,228.0
969,2023-03-06,BOS,CLE,CLE,-7.5,219.0
970,2023-03-06,PHI,IND,PHI,-6.0,235.0
971,2023-03-05,MIL,WAS,MIL,-5.5,227.5
972,2023-03-06,ATL,MIA,MIA,-2.5,230.5
973,2023-03-06,TOR,DEN,DEN,-6.5,229.5
974,2023-03-06,NOP,SAC,SAC,-4.5,234.0
975,2023-03-06,POR,DET,POR,-4.5,230.0
976,2023-03-07,MIL,ORL,MIL,-2.0,228.0
977,2023-03-07,CHA,NYK,NYK,-10.0,225.0
978,2023-03-07,PHI,MIN,MIN,-3.5,226.0
979,2023-03-07,BKN,HOU,BKN,-6.5,231.0
980,2023-03-07,GSW,OKC,GSW,-4.0,244.0
981,2023-03-07,UTA,DAL,DAL,-10.5,236.0
982,2023-03-07,MEM,LAL,MEM,-1.5,224.0
983,2023-03-08,ATL,WAS,ATL,-3.0,237.5
984,2023-03-08,POR,BOS,BOS,-9.5,231.0
985,2023-03-08,CLE,MIA,CLE,-1.0,215.5
986,2023-03-08,DAL,NOP,DAL,-2.5,233.5
987,2023-03-08,CHI,DEN,DEN,-9.0,225.5
988,2023-03-08,OKC,PHX,PHX,-11.5,232.5
989,2023-03-08,TOR,LAC,LAC,-2.5,230.5
990,2023-03-09,CHA,DET,CHA,-3.5,226.0
991,2023-03-09,HOU,IND,IND,-9.5,237.0
992,2023-03-09,UTA,ORL,ORL,-4.0,233.0
993,2023-03-09,BKN,MIL,MIL,-9.5,233.5
994,2023-03-09,GSW,MEM,GSW,-3.0,236.0
995,2023-03-09,NYK,SAC,SAC,-2.0,240.0
996,2023-03-10,POR,PHI,PHI,-8.5,234.5
997,2023-03-10,ATL,WAS,ATL,-1.5,237.5
998,2023-03-10,CLE,MIA,MIA,-3.0,212.0
999,2023-03-10,BKN,MIN,MIN,-4.5,226.0
1000,2023-03-10,DEN,SAS,DEN,-12.5,237.0
1001,2023-03-10,TOR,LAL,TOR,-3.0,224.5
1002,2023-03-11,NYK,LAC,LAC,-5.0,226.5
1003,2023-03-11,UTA,CHA,UTA,-1.0,229.5
1004,2023-03-11,IND,DET,IND,-3.5,228.0
1005,2023-03-11,MIA,ORL,MIA,-2.5,222.0
1006,2023-03-11,BOS,ATL,BOS,-5.5,239.0
1007,2023-03-11,CHI,HOU,CHI,-7.5,223.5
1008,2023-03-11,DAL,MEM,MEM,-8.5,222.0
1009,2023-03-11,OKC,NOP,NOP,0,232.5
1010,2023-03-11,MIL,GSW,GSW,-3.5,240.5
1011,2023-03-11,SAC,PHX,PHX,-4.0,240.5
1012,2023-03-12,BKN,DEN,DEN,-9.0,229.5
1013,2023-03-12,CLE,CHA,CLE,-10.0,220.5
1014,2023-03-12,WAS,PHI,PHI,-7.5,227.0
1015,2023-03-12,POR,NOP,NOP,-3.0,221.5
1016,2023-03-12,OKC,SAS,OKC,-4.0,236.5
1017,2023-03-12,NYK,LAL,LAL,-2.5,225.5
1018,2023-03-13,IND,DET,IND,-4.5,226.0
1019,2023-03-13,MIN,ATL,ATL,-5.0,240.5
1020,2023-03-13,UTA,MIA,MIA,-8.5,225.5
1021,2023-03-13,MEM,DAL,MEM,-4.5,219.5
1022,2023-03-13,BOS,HOU,BOS,-13.0,231.5
1023,2023-03-13,PHX,GSW,GSW,-4.5,234.5
1024,2023-03-13,MIL,SAC,MIL,-3.5,246.5
1025,2023-03-14,CLE,CHA,CLE,-5.5,218.5
1026,2023-03-14,DET,WAS,WAS,-13.5,222.0
1027,2023-03-14,DEN,TOR,DEN,-1.5,228.0
1028,2023-03-14,LAL,NOP,NOP,-1.5,227.5
1029,2023-03-14,BKN,OKC,OKC,-1.0,233.5
1030,2023-03-14,ORL,SAS,ORL,-7.0,232.5
1031,2023-03-14,MIL,PHX,MIL,-1.5,231.5
1032,2023-03-14,NYK,POR,NYK,-2.5,229.0
1033,2023-03-15,PHI,CLE,PHI,-3.0,222.5
1034,2023-03-15,MEM,MIA,MIA,-4.5,219.5
1035,2023-03-15,SAC,CHI,SAC,-1.5,237.0
1036,2023-03-15,LAL,HOU,LAL,-2.5,233.0
1037,2023-03-15,BOS,MIN,BOS,-4.5,231.5
1038,2023-03-15,DAL,SAS,DAL,-4.0,226.0
1039,2023-03-15,GSW,LAC,LAC,-2.5,236.5
1040,2023-03-16,DEN,DET,DEN,-14.5,230.5
1041,2023-03-16,SAC,BKN,BKN,-2.5,238.0
1042,2023-03-16,OKC,TOR,TOR,-6.0,231.5
1043,2023-03-16,IND,MIL,MIL,-12.0,236.0
1044,2023-03-16,ORL,PHX,PHX,-8.0,228.0
1045,2023-03-17,PHI,CHA,PHI,-10.5,228.5
1046,2023-03-17,GSW,ATL,ATL,-3.0,247.5
1047,2023-03-17,WAS,CLE,CLE,-6.0,220.0
1048,2023-03-17,MIN,CHI,CHI,-2.5,222.5
1049,2023-03-17,NOP,HOU,NOP,-5.5,228.0
1050,2023-03-17,MEM,SAS,MEM,-9.0,235.0
1051,2023-03-17,BOS,POR,BOS,-6.5,234.5
1052,2023-03-17,DAL,LAL,LAL,-3.5,231.0
1053,2023-03-18,DEN,NYK,NYK,-1.0,231.5
1054,2023-03-18,ORL,LAC,LAC,-6.5,232.0
1055,2023-03-18,PHI,IND,PHI,-4.5,230.0
1056,2023-03-18,MIN,TOR,TOR,-9.0,222.0
1057,2023-03-18,SAC,WAS,SAC,-5.0,235.5
1058,2023-03-18,MIA,CHI,MIA,-2.5,216.0
1059,2023-03-18,GSW,MEM,GSW,-1.5,235.0
1060,2023-03-18,BOS,UTA,BOS,-4.5,233.0
1061,2023-03-19,DEN,BKN,DEN,-3.0,228.0
1062,2023-03-19,PHX,OKC,OKC,-1.0,234.0
1063,2023-03-19,ATL,SAS,ATL,-10.0,246.0
1064,2023-03-19,MIA,DET,MIA,-10.0,218.5
1065,2023-03-19,NOP,HOU,NOP,-6.0,226.0
1066,2023-03-19,TOR,MIL,MIL,-7.0,234.0
1067,2023-03-19,LAC,POR,LAC,-4.5,236.0
1068,2023-03-19,ORL,LAL,LAL,-6.5,230.0
1069,2023-03-20,IND,CHA,IND,-2.5,235.5
1070,2023-03-20,CHI,PHI,PHI,-8.5,226.0
1071,2023-03-20,MIN,NYK,NYK,-8.0,227.5
1072,2023-03-20,GSW,HOU,GSW,-11.5,234.0
1073,2023-03-20,DAL,MEM,MEM,-4.5,227.0
1074,2023-03-20,SAC,UTA,SAC,-7.0,239.5
1075,2023-03-21,WAS,ORL,ORL,-1.5,223.5
1076,2023-03-21,DET,ATL,ATL,-13.5,236.5
1077,2023-03-21,CLE,BKN,CLE,-4.0,216.5
1078,2023-03-21,SAS,NOP,NOP,-13.5,230.5
1079,2023-03-21,BOS,SAC,BOS,-5.0,238.0
1080,2023-03-21,OKC,LAC,LAC,-6.5,237.5
1081,2023-03-22,DEN,WAS,DEN,-9.0,225.5
1082,2023-03-22,NYK,MIA,MIA,-2.0,223.5
1083,2023-03-22,IND,TOR,TOR,-8.5,232.0
1084,2023-03-22,GSW,DAL,GSW,-3.5,236.5
1085,2023-03-22,PHI,CHI,PHI,-1.5,220.0
1086,2023-03-22,HOU,MEM,MEM,-12.0,232.5
1087,2023-03-22,SAS,MIL,MIL,-19.0,237.5
1088,2023-03-22,ATL,MIN,MIN,-3.5,242.0
1089,2023-03-22,POR,UTA,UTA,-5.5,235.0
1090,2023-03-22,PHX,LAL,LAL,-1.0,227.5
1091,2023-03-23,NYK,ORL,NYK,-2.5,226.0
1092,2023-03-23,CLE,BKN,CLE,-3.5,219.0
1093,2023-03-23,CHA,NOP,NOP,-9.0,225.5
1094,2023-03-23,OKC,LAC,LAC,-5.0,230.5
1095,2023-03-24,IND,BOS,BOS,-11.0,236.5
1096,2023-03-24,SAS,WAS,WAS,-8.5,229.0
1097,2023-03-24,DET,TOR,TOR,-13.5,224.0
1098,2023-03-24,HOU,MEM,MEM,-13.0,233.5
1099,2023-03-24,CHA,DAL,DAL,-16.0,229.0
1100,2023-03-24,MIL,UTA,MIL,-10.0,233.5
1101,2023-03-24,PHI,GSW,GSW,-4.5,233.0
1102,2023-03-24,CHI,POR,CHI,-7.5,220.0
1103,2023-03-24,PHX,SAC,SAC,-4.0,239.5
1104,2023-03-24,OKC,LAL,LAL,-3.5,230.5
1105,2023-03-25,IND,ATL,ATL,-10.0,249.0
1106,2023-03-25,BKN,MIA,MIA,-6.0,221.0
1107,2023-03-25,MIL,DEN,DEN,-3.5,238.0
1108,2023-03-25,PHI,PHX,PHX,-1.0,225.0
1109,2023-03-25,UTA,SAC,SAC,-9.0,234.5
1110,2023-03-25,NOP,LAC,LAC,-5.0,224.0
1111,2023-03-26,DAL,CHA,DAL,-12.5,232.5
1112,2023-03-26,CHI,LAL,LAL,-5.0,224.0
1113,2023-03-26,MEM,ATL,MEM,-2.0,248.5
1114,2023-03-26,SAS,BOS,BOS,-17.0,232.5
1115,2023-03-26,HOU,CLE,CLE,-13.5,228.5
1116,2023-03-26,BKN,ORL,ORL,-1.5,226.0
1117,2023-03-26,WAS,TOR,TOR,-10.0,220.0
1118,2023-03-26,OKC,POR,OKC,-10.5,232.5
1119,2023-03-26,MIN,GSW,GSW,-5.5,241.5
1120,2023-03-27,MIL,DET,MIL,-11.5,226.5
1121,2023-03-27,DAL,IND,DAL,-7.5,238.0
1122,2023-03-27,HOU,NYK,NYK,-13.0,229.0
1123,2023-03-27,PHX,UTA,PHX,-4.5,234.5
1124,2023-03-27,PHI,DEN,DEN,-10.0,227.0
1125,2023-03-27,NOP,POR,NOP,-12.0,226.0
1126,2023-03-27,MIN,SAC,SAC,-5.5,240.0
1127,2023-03-27,CHI,LAC,LAC,-4.5,219.5
1128,2023-03-28,BOS,WAS,BOS,-11.0,222.5
1129,2023-03-28,CLE,ATL,ATL,-3.0,239.0
1130,2023-03-28,MIA,TOR,TOR,-6.0,218.5
1131,2023-03-28,ORL,MEM,MEM,-6.0,229.0
1132,2023-03-28,CHA,OKC,OKC,-10.0,226.5
1133,2023-03-28,NOP,GSW,GSW,-8.5,234.5
1134,2023-03-29,MIL,IND,MIL,-13.0,237.0
1135,2023-03-29,HOU,BKN,BKN,-10.5,231.0
1136,2023-03-29,MIA,NYK,NYK,-5.5,226.0
1137,2023-03-29,DAL,PHI,PHI,-5.5,233.5
1138,2023-03-29,LAL,CHI,LAL,-4.5,228.5
1139,2023-03-29,LAC,MEM,MEM,-2.0,230.5
1140,2023-03-29,DET,OKC,OKC,-9.5,228.5
1141,2023-03-29,UTA,SAS,UTA,-2.0,234.5
1142,2023-03-29,MIN,PHX,PHX,-6.0,233.0
1143,2023-03-29,SAC,POR,SAC,-14.5,235.5
1144,2023-03-30,BOS,MIL,MIL,-2.0,238.0
1145,2023-03-30,NOP,DEN,DEN,-2.0,224.0
1146,2023-03-31,CHI,CHA,CHI,-11.5,223.5
1147,2023-03-31,OKC,IND,OKC,-6.0,243.0
1148,2023-03-31,TOR,PHI,PHI,-4.0,223.5
1149,2023-03-31,ORL,WAS,ORL,-4.0,224.5
1150,2023-03-31,UTA,BOS,BOS,-13.5,233.0
1151,2023-03-31,ATL,BKN,ATL,-1.5,240.5
1152,2023-03-31,NYK,CLE,CLE,-3.5,219.5
1153,2023-03-31,DET,HOU,HOU,-6.5,229.0
1154,2023-03-31,LAC,MEM,MEM,-5.5,237.0
1155,2023-03-31,LAL,MIN,LAL,-1.0,232.5
1156,2023-03-31,SAS,GSW,GSW,-18.5,242.0
1157,2023-03-31,SAC,POR,SAC,-14.5,231.0
1158,2023-03-31,DEN,PHX,PHX,-13.5,223.5
1159,2023-04-01,DAL,MIA,DAL,-2.5,224.5
1160,2023-04-01,LAC,NOP,NOP,-4.0,227.0
1161,2023-04-02,TOR,CHA,TOR,-15.5,221.0
1162,2023-04-02,UTA,BKN,BKN,-7.5,230.0
1163,2023-04-02,MEM,CHI,MEM,-1.0,228.5
1164,2023-04-02,POR,MIN,MIN,-19.5,223.5
1165,2023-04-02,DAL,ATL,ATL,-3.0,246.0
1166,2023-04-02,WAS,NYK,NYK,-11.5,222.0
1167,2023-04-02,DET,ORL,ORL,-11.5,225.0
1168,2023-04-02,SAS,SAC,SAC,-16.0,243.5
1169,2023-04-02,LAL,HOU,LAL,-12.0,236.0
1170,2023-04-02,PHX,OKC,PHX,-5.0,237.0
1171,2023-04-02,IND,CLE,CLE,-13.0,231.0
1172,2023-04-02,PHI,MIL,MIL,-5.0,236.0
1173,2023-04-02,GSW,DEN,GSW,-4.0,231.5
1174,2023-04-04,TOR,CHA,TOR,-16.0,222.5
1175,2023-04-04,MIA,DET,MIA,-14.0,217.5
1176,2023-04-04,CLE,ORL,CLE,-4.0,222.5
1177,2023-04-04,MIL,WAS,MIL,-14.0,230.0
1178,2023-04-04,MIN,BKN,MIN,-3.0,224.5
1179,2023-04-04,BOS,PHI,PHI,-3.5,227.0
1180,2023-04-04,ATL,CHI,CHI,-5.5,227.0
1181,2023-04-04,DEN,HOU,DEN,-11.5,232.0
1182,2023-04-04,POR,MEM,MEM,-18.5,229.0
1183,2023-04-04,SAC,NOP,NOP,-4.5,235.5
1184,2023-04-04,LAL,UTA,LAL,-11.0,234.5
1185,2023-04-04,OKC,GSW,GSW,-7.5,240.5
1186,2023-04-04,SAS,PHX,PHX,-19.0,235.0
1187,2023-04-05,BKN,DET,BKN,-11.5,218.0
1188,2023-04-05,NYK,IND,NYK,-5.0,229.5
1189,2023-04-05,WAS,ATL,ATL,-13.0,236.0
1190,2023-04-05,TOR,BOS,TOR,-1.5,223.0
1191,2023-04-05,CHI,MIL,MIL,-5.5,230.0
1192,2023-04-05,MEM,NOP,NOP,-6.5,226.0
1193,2023-04-05,SAC,DAL,DAL,-6.0,243.0
1194,2023-04-05,LAL,LAC,LAL,-1.0,231.0
1195,2023-04-06,CLE,ORL,ORL,-5.0,214.5
1196,2023-04-06,MIA,PHI,PHI,-2.5,219.5
1197,2023-04-06,POR,SAS,SAS,-5.0,228.0
1198,2023-04-06,OKC,UTA,OKC,-7.0,240.0
1199,2023-04-06,DEN,PHX,PHX,-13.5,222.5
1200,2023-04-07,HOU,CHA,HOU,-5.5,230.0
1201,2023-04-07,DET,IND,IND,-6.5,233.0
1202,2023-04-07,MIA,WAS,MIA,-3.5,217.0
1203,2023-04-07,PHI,ATL,ATL,-11.5,236.0
1204,2023-04-07,TOR,BOS,TOR,-2.0,223.0
1205,2023-04-07,ORL,BKN,BKN,-9.5,221.0
1206,2023-04-07,MEM,MIL,MEM,-8.5,230.0
1207,2023-04-07,NYK,NOP,NOP,-8.0,223.5
1208,2023-04-07,CHI,DAL,DAL,-2.0,216.0
1209,2023-04-07,GSW,SAC,GSW,-11.0,233.0
1210,2023-04-07,PHX,LAL,LAL,-13.0,225.0
1211,2023-04-08,DEN,UTA,DEN,-10.0,229.0
1212,2023-04-08,MIN,SAS,MIN,-15.0,234.0
1213,2023-04-08,POR,LAC,LAC,-17.0,230.0
1214,2023-04-09,ATL,BOS,BOS,-4.5,224.5
1215,2023-04-09,PHI,BKN,BKN,-1.0,218.5
1216,2023-04-09,CHA,CLE,CLE,-6.5,216.0
1217,2023-04-09,ORL,MIA,MIA,-5.0,217.5
1218,2023-04-09,IND,NYK,NYK,-9.5,231.5
1219,2023-04-09,MIL,TOR,TOR,-3.5,221.0
1220,2023-04-09,HOU,WAS,HOU,-4.0,231.5
1221,2023-04-09,DET,CHI,CHI,-8.5,221.0
1222,2023-04-09,SAS,DAL,DAL,-3.5,232.5
1223,2023-04-09,NOP,MIN,MIN,-3.5,226.5
1224,2023-04-09,MEM,OKC,OKC,-1.5,229.5
1225,2023-04-09,SAC,DEN,SAC,-5.5,230.0
1226,2023-04-09,UTA,LAL,LAL,-16.5,235.0
1227,2023-04-09,LAC,PHX,LAC,-10.0,225.0
1228,2023-04-09,GSW,POR,GSW,-17.0,234.0
0,2023-10-24,LAL,DEN,DEN,-4.5,228.5
1,2023-10-24,PHX,GSW,GSW,-3.5,235.5
2,2023-10-25,ATL,CHA,ATL,-4.5,235.5
3,2023-10-25,WAS,IND,IND,-4.5,235.5
4,2023-10-25,BOS,NYK,BOS,-4.5,223.5
5,2023-10-25,HOU,ORL,ORL,-4.5,219.5
6,2023-10-25,CLE,BKN,CLE,-1.5,218.5
7,2023-10-25,DET,MIA,MIA,-9.5,218.5
8,2023-10-25,MIN,TOR,TOR,-0.5,220.5
9,2023-10-25,OKC,CHI,CHI,-2.5,224.5
10,2023-10-25,NOP,MEM,MEM,-1.5,224.5
11,2023-10-25,SAC,UTA,SAC,-1.5,234.5
12,2023-10-25,DAL,SAS,DAL,-4.5,231.5
13,2023-10-25,POR,LAC,LAC,-10.5,225.5
14,2023-10-26,PHI,MIL,MIL,-5.5,227.5
15,2023-10-26,PHX,LAL,LAL,-6.5,226.5
16,2023-10-27,DET,CHA,CHA,-4.5,226.5
17,2023-10-27,DEN,MEM,DEN,-5.5,221.5
18,2023-10-27,NYK,ATL,ATL,-0.5,229.5
19,2023-10-27,MIA,BOS,BOS,-8.5,220.5
20,2023-10-27,OKC,CLE,CLE,-2.5,226.5
21,2023-10-27,TOR,CHI,CHI,-2.5,216.5
22,2023-10-27,HOU,SAS,SAS,-2.5,224.5
23,2023-10-27,BKN,DAL,DAL,-6.5,231.5
24,2023-10-27,LAC,UTA,LAC,-4.5,227.5
25,2023-10-27,ORL,POR,ORL,-4.5,220.5
26,2023-10-27,GSW,SAC,SAC,-3.5,237.5
27,2023-10-28,CHI,DET,CHI,-2.5,214.5
28,2023-10-28,MEM,WAS,WAS,-0.5,228.5
29,2023-10-28,NYK,NOP,NOP,-3.5,223.5
30,2023-10-28,IND,CLE,IND,-3.5,221.5
31,2023-10-28,PHI,TOR,PHI,-4.5,214.5
32,2023-10-28,MIA,MIN,MIN,-8.5,215.5
33,2023-10-28,UTA,PHX,PHX,-5.5,222.5
34,2023-10-29,DEN,OKC,DEN,-3.5,230.5
35,2023-10-29,GSW,HOU,GSW,-7.5,223.5
36,2023-10-29,ATL,MIL,MIL,-6.5,238.5
37,2023-10-29,POR,PHI,PHI,-9.5,216.5
38,2023-10-29,SAS,LAC,LAC,-9.5,229.5
39,2023-10-29,LAL,SAC,SAC,-2.5,235.5
40,2023-10-30,BKN,CHA,BKN,-1.5,227.5
41,2023-10-30,CHI,IND,IND,-3.5,229.5
42,2023-10-30,BOS,WAS,BOS,-10.5,231.5
43,2023-10-30,MIN,ATL,MIN,-2.5,229.5
44,2023-10-30,POR,TOR,TOR,-9.5,216.5
45,2023-10-30,DAL,MEM,MEM,-1.5,222.5
46,2023-10-30,MIA,MIL,MIL,-7.5,225.5
47,2023-10-30,GSW,NOP,NOP,-2.5,220.5
48,2023-10-30,DET,OKC,OKC,-6.5,225.5
49,2023-10-30,UTA,DEN,DEN,-9.5,226.5
50,2023-10-30,ORL,LAL,LAL,-3.5,220.5
51,2023-10-31,NYK,CLE,NYK,-1.5,213.5
52,2023-10-31,SAS,PHX,PHX,-7.5,225.5
53,2023-10-31,ORL,LAC,LAC,-6.5,220.5
54,2023-11-01,POR,DET,DET,-3.5,216.5
55,2023-11-01,MIL,TOR,MIL,-4.5,223.5
56,2023-11-01,WAS,ATL,ATL,-10.5,240.5
57,2023-11-01,IND,BOS,BOS,-12.5,233.5
58,2023-11-01,BKN,MIA,MIA,-6.5,223.5
59,2023-11-01,CLE,NYK,NYK,-5.5,210.5
60,2023-11-01,NOP,OKC,OKC,-3.5,228.5
61,2023-11-01,CHA,HOU,HOU,-3.5,222.5
62,2023-11-01,DEN,MIN,DEN,-2.5,220.5
63,2023-11-01,CHI,DAL,DAL,-2.5,219.5
64,2023-11-01,MEM,UTA,UTA,-2.5,225.5
65,2023-11-01,SAC,GSW,GSW,-7.5,227.5
66,2023-11-01,LAC,LAL,LAL,-3.5,227.5
67,2023-11-02,TOR,PHI,PHI,-7.5,214.5
68,2023-11-02,DET,NOP,NOP,-4.5,215.5
69,2023-11-02,ORL,UTA,ORL,-1.5,223.5
70,2023-11-02,SAS,PHX,PHX,-10.5,229.5
71,2023-11-04,PHX,PHI,PHI,-5.5,220.5
72,2023-11-04,CHA,IND,IND,-5.5,241.5
73,2023-11-04,LAL,ORL,LAL,-3.5,222.5
74,2023-11-04,ATL,NOP,NOP,-1.5,237.5
75,2023-11-04,BOS,BKN,BOS,-9.5,226.5
76,2023-11-04,SAC,HOU,SAC,-2.5,221.5
77,2023-11-04,UTA,MIN,MIN,-7.5,224.5
78,2023-11-04,CHI,DEN,DEN,-9.5,217.5
79,2023-11-05,PHX,DET,PHX,-3.5,219.5
80,2023-11-05,TOR,SAS,TOR,-4.5,222.5
81,2023-11-05,GSW,CLE,CLE,-0.5,222.5
82,2023-11-05,CHA,DAL,DAL,-11.5,234.5
83,2023-11-05,MEM,POR,MEM,-3.5,219.5
84,2023-11-06,GSW,DET,GSW,-8.5,224.5
85,2023-11-06,DAL,ORL,ORL,-1.5,229.5
86,2023-11-06,WAS,PHI,PHI,-11.5,229.5
87,2023-11-06,MIL,BKN,MIL,-4.5,232.5
88,2023-11-06,LAL,MIA,MIA,-1.5,222.5
89,2023-11-06,LAC,NYK,NYK,-1.5,223.5
90,2023-11-06,UTA,CHI,CHI,-3.5,223.5
91,2023-11-06,SAC,HOU,SAC,-2.5,218.5
92,2023-11-06,BOS,MIN,BOS,-3.5,221.5
93,2023-11-06,ATL,OKC,OKC,-0.5,242.5
94,2023-11-06,NOP,DEN,DEN,-5.5,222.5
95,2023-11-08,WAS,CHA,CHA,-2.5,239.5
96,2023-11-08,UTA,IND,IND,-5.5,242.5
97,2023-11-08,BOS,PHI,BOS,-2.5,229.5
98,2023-11-08,LAC,BKN,LAC,-5.5,231.5
99,2023-11-08,SAS,NYK,NYK,-9.5,223.5
100,2023-11-08,PHX,CHI,CHI,-0.5,217.5
101,2023-11-08,LAL,HOU,LAL,-1.5,223.5
102,2023-11-08,MIA,MEM,MIA,-1.5,216.5
103,2023-11-08,DET,MIL,MIL,-12.5,227.5
104,2023-11-08,NOP,MIN,MIN,-9.5,215.5
105,2023-11-08,CLE,OKC,CLE,-2.5,227.5
106,2023-11-08,TOR,DAL,DAL,-4.5,225.5
107,2023-11-08,GSW,DEN,DEN,-4.5,227.5
108,2023-11-08,POR,SAC,SAC,-8.5,221.5
109,2023-11-09,MIL,IND,MIL,-1.5,239.5
110,2023-11-09,ATL,ORL,ATL,-3.5,232.5
111,2023-11-11,MIL,ORL,MIL,-2.5,227.5
112,2023-11-11,TOR,BOS,BOS,-9.5,222.5
113,2023-11-11,MIA,ATL,ATL,-7.5,227.5
114,2023-11-11,CLE,GSW,GSW,-4.5,224.5
115,2023-11-12,CHA,NYK,NYK,-11.5,224.5
116,2023-11-12,WAS,BKN,BKN,-6.5,234.5
117,2023-11-12,MEM,LAC,LAC,-8.5,224.5
118,2023-11-12,IND,PHI,PHI,-7.5,237.5
119,2023-11-12,DET,CHI,CHI,-6.5,221.5
120,2023-11-12,DEN,HOU,DEN,-4.5,215.5
121,2023-11-12,DAL,NOP,DAL,-3.5,237.5
122,2023-11-12,MIA,SAS,MIA,-1.5,222.5
123,2023-11-12,OKC,PHX,PHX,-4.5,231.5
124,2023-11-12,MIN,GSW,GSW,-3.5,222.5
125,2023-11-12,POR,LAL,LAL,-8.5,220.5
126,2023-11-13,NYK,BOS,BOS,-9.5,220.5
127,2023-11-13,WAS,TOR,TOR,-8.5,230.5
128,2023-11-13,CHI,MIL,MIL,-9.5,230.5
129,2023-11-13,CLE,SAC,SAC,-3.5,228.5
130,2023-11-15,DAL,WAS,DAL,-3.5,243.5
131,2023-11-15,NYK,ATL,ATL,-1.5,229.5
132,2023-11-15,BOS,PHI,BOS,-1.5,223.5
133,2023-11-15,MIL,TOR,MIL,-1.5,224.5
134,2023-11-15,ORL,CHI,CHI,-2.5,215.5
135,2023-11-15,MIN,PHX,PHX,-4.5,222.5
136,2023-11-15,SAC,LAL,LAL,-0.5,237.5
137,2023-11-15,CLE,POR,CLE,-10.5,217.5
138,2023-11-16,BKN,MIA,MIA,-3.5,214.5
139,2023-11-16,OKC,GSW,OKC,-3.5,226.5
140,2023-11-18,NYK,CHA,NYK,-6.5,224.5
141,2023-11-18,MIN,NOP,MIN,-7.5,220.5
142,2023-11-18,MIA,CHI,MIA,-1.5,212.5
143,2023-11-18,DAL,MIL,MIL,-1.5,247.5
144,2023-11-18,MEM,SAS,MEM,-3.5,226.5
145,2023-11-18,OKC,GSW,GSW,-1.5,236.5
146,2023-11-19,PHI,BKN,PHI,-3.5,224.5
147,2023-11-19,ORL,IND,IND,-4.5,236.5
148,2023-11-19,DEN,CLE,DEN,-4.5,215.5
149,2023-11-19,DET,TOR,TOR,-9.5,219.5
150,2023-11-19,SAC,DAL,DAL,-1.5,246.5
151,2023-11-19,BOS,MEM,BOS,-12.5,222.5
152,2023-11-19,PHX,UTA,PHX,-5.5,238.5
153,2023-11-19,OKC,POR,OKC,-6.5,223.5
154,2023-11-19,HOU,LAL,LAL,-6.5,221.5
155,2023-11-20,BOS,CHA,BOS,-8.5,234.5
156,2023-11-20,DEN,DET,DEN,-9.5,225.5
157,2023-11-20,MIL,WAS,MIL,-10.5,246.5
158,2023-11-20,MIA,CHI,MIA,-1.5,209.5
159,2023-11-20,NYK,MIN,MIN,-2.5,214.5
160,2023-11-20,SAC,NOP,SAC,-1.5,237.5
161,2023-11-20,LAC,SAS,LAC,-9.5,231.5
162,2023-11-20,HOU,GSW,GSW,-7.5,220.5
163,2023-11-22,WAS,CHA,CHA,-3.5,240.5
164,2023-11-22,DEN,ORL,DEN,-3.5,218.5
165,2023-11-22,BKN,ATL,ATL,-3.5,236.5
166,2023-11-22,MIL,BOS,BOS,-6.5,235.5
167,2023-11-22,MIA,CLE,CLE,-0.5,212.5
168,2023-11-22,TOR,IND,IND,-2.5,241.5
169,2023-11-22,MEM,HOU,HOU,-4.5,213.5
170,2023-11-22,PHI,MIN,MIN,-6.5,220.5
171,2023-11-22,SAC,NOP,SAC,-1.5,234.5
172,2023-11-22,CHI,OKC,OKC,-6.5,223.5
173,2023-11-22,LAC,SAS,LAC,-7.5,230.5
174,2023-11-22,GSW,PHX,PHX,-3.5,233.5
175,2023-11-22,UTA,POR,UTA,-3.5,228.5
176,2023-11-22,DAL,LAL,LAL,-0.5,245.5
177,2023-11-25,PHI,OKC,PHI,-1.5,231.5
178,2023-11-25,MIA,BKN,BKN,-7.5,216.5
179,2023-11-25,ATL,WAS,ATL,-8.5,250.5
180,2023-11-25,LAL,CLE,CLE,-4.5,227.5
181,2023-11-25,NOP,UTA,NOP,-2.5,227.5
182,2023-11-25,DAL,LAC,LAC,-0.5,237.5
183,2023-11-26,POR,MIL,MIL,-12.5,231.5
184,2023-11-26,ATL,BOS,BOS,-7.5,234.5
185,2023-11-26,PHX,NYK,NYK,-6.5,219.5
186,2023-11-26,CHA,ORL,ORL,-6.5,227.5
187,2023-11-26,MIN,MEM,MIN,-6.5,217.5
188,2023-11-26,CHI,BKN,BKN,-2.5,221.5
189,2023-11-26,TOR,CLE,CLE,-3.5,222.5
190,2023-11-26,SAS,DEN,DEN,-10.5,229.5
191,2023-11-27,WAS,DET,DET,-2.5,237.5
192,2023-11-27,POR,IND,IND,-11.5,240.5
193,2023-11-27,LAL,PHI,PHI,-5.5,230.5
194,2023-11-27,NOP,UTA,NOP,-6.5,232.5
195,2023-11-27,DEN,LAC,LAC,-11.5,217.5
196,2023-11-29,LAL,DET,LAL,-8.5,230.5
197,2023-11-29,WAS,ORL,ORL,-10.5,235.5
198,2023-11-29,PHX,TOR,PHX,-2.5,227.5
199,2023-11-29,UTA,MEM,MEM,-3.5,223.5
200,2023-11-29,PHI,NOP,NOP,-2.5,228.5
201,2023-11-29,HOU,DEN,DEN,-10.5,217.5
202,2023-11-29,LAC,SAC,LAC,-1.5,231.5
203,2023-11-30,POR,CLE,CLE,-12.5,220.5
204,2023-11-30,CHA,BKN,BKN,-8.5,224.5
205,2023-11-30,IND,MIA,MIA,-3.5,238.5
206,2023-11-30,DET,NYK,NYK,-14.5,219.5
207,2023-11-30,MIL,CHI,MIL,-10.5,225.5
208,2023-11-30,UTA,MIN,MIN,-11.5,219.5
209,2023-11-30,LAL,OKC,OKC,-4.5,234.5
210,2023-11-30,ATL,SAS,ATL,-6.5,246.5
211,2023-11-30,LAC,GSW,GSW,-2.5,229.5
212,2023-12-01,WAS,ORL,ORL,-10.5,236.5
213,2023-12-01,PHI,BOS,BOS,-11.5,218.5
214,2023-12-01,NYK,TOR,TOR,-1.5,218.5
215,2023-12-01,MEM,DAL,DAL,-5.5,224.5
216,2023-12-01,SAS,NOP,NOP,-12.5,237.5
217,2023-12-01,DEN,PHX,PHX,-0.5,224.5
218,2023-12-02,GSW,LAC,LAC,-4.5,229.5
219,2023-12-02,MIN,CHA,MIN,-5.5,220.5
220,2023-12-02,ORL,BKN,BKN,-2.5,225.5
221,2023-12-02,CLE,DET,CLE,-9.5,225.5
222,2023-12-02,IND,MIA,MIA,-4.5,237.5
223,2023-12-02,NOP,CHI,CHI,-0.5,219.5
224,2023-12-02,ATL,MIL,MIL,-6.5,252.5
225,2023-12-02,OKC,DAL,OKC,-5.5,234.5
226,2023-12-02,MEM,PHX,PHX,-10.5,220.5
227,2023-12-02,POR,UTA,UTA,-1.5,217.5
228,2023-12-02,DEN,SAC,SAC,-3.5,234.5
229,2023-12-02,HOU,LAL,LAL,-4.5,226.5
230,2023-12-11,MIA,CHA,MIA,-4.5,222.5
231,2023-12-11,IND,DET,IND,-7.5,247.5
232,2023-12-11,CLE,ORL,ORL,-2.5,225.5
233,2023-12-11,WAS,PHI,PHI,-13.5,244.5
234,2023-12-11,DEN,ATL,DEN,-2.5,242.5
235,2023-12-11,TOR,NYK,NYK,-4.5,221.5
236,2023-12-11,SAS,HOU,HOU,-8.5,223.5
237,2023-12-11,DAL,MEM,MEM,-1.5,227.5
238,2023-12-11,CHI,MIL,MIL,-11.5,233.5
239,2023-12-11,MIN,NOP,NOP,-4.5,221.5
240,2023-12-11,UTA,OKC,OKC,-12.5,235.5
241,2023-12-11,BKN,SAC,SAC,-4.5,237.5
242,2023-12-11,POR,LAC,LAC,-14.5,220.5
243,2023-12-12,CLE,BOS,BOS,-11.5,226.5
244,2023-12-12,LAL,DAL,LAL,-2.5,236.5
245,2023-12-12,DEN,CHI,DEN,-6.5,219.5
246,2023-12-12,GSW,PHX,GSW,-1.5,229.5
247,2023-12-12,SAC,LAC,LAC,-3.5,237.5
248,2023-12-13,PHI,DET,PHI,-12.5,233.5
249,2023-12-13,NOP,WAS,NOP,-7.5,239.5
250,2023-12-13,CHA,MIA,MIA,-7.5,222.5
251,2023-12-13,ATL,TOR,TOR,-2.5,240.5
252,2023-12-13,MEM,HOU,HOU,-9.5,209.5
253,2023-12-13,IND,MIL,MIL,-6.5,258.5
254,2023-12-13,LAL,SAS,LAL,-3.5,230.5
255,2023-12-13,BKN,PHX,PHX,-4.5,230.5
256,2023-12-13,NYK,UTA,NYK,-5.5,228.5
257,2023-12-14,CLE,BOS,BOS,-9.5,227.5
258,2023-12-14,CHI,MIA,MIA,-3.5,213.5
259,2023-12-14,MIN,DAL,MIN,-1.5,231.5
260,2023-12-14,BKN,DEN,DEN,-9.5,230.5
261,2023-12-14,UTA,POR,POR,-4.5,226.5
262,2023-12-14,OKC,SAC,SAC,-2.5,244.5
263,2023-12-14,GSW,LAC,LAC,-2.5,231.5
264,2023-12-15,NOP,CHA,NOP,-9.5,217.5
265,2023-12-15,DET,PHI,PHI,-15.5,234.5
266,2023-12-15,IND,WAS,IND,-8.5,260.5
267,2023-12-15,ORL,BOS,BOS,-5.5,227.5
268,2023-12-15,ATL,TOR,TOR,-1.5,241.5
269,2023-12-15,LAL,SAS,LAL,-4.5,235.5
270,2023-12-15,HOU,MEM,HOU,-2.5,212.5
271,2023-12-15,NYK,PHX,PHX,-4.5,229.5
272,2023-12-16,DET,MIL,MIL,-16.5,241.5
273,2023-12-16,PHI,CHA,PHI,-11.5,229.5
274,2023-12-16,ATL,CLE,CLE,-4.5,236.5
275,2023-12-16,CHI,MIA,MIA,-4.5,219.5
276,2023-12-16,IND,MIN,MIN,-10.5,239.5
277,2023-12-16,BKN,GSW,GSW,-3.5,235.5
278,2023-12-16,OKC,DEN,DEN,-5.5,237.5
279,2023-12-16,DAL,POR,DAL,-4.5,232.5
280,2023-12-16,UTA,SAC,SAC,-8.5,235.5
281,2023-12-16,NYK,LAC,LAC,-6.5,229.5
282,2023-12-17,ORL,BOS,BOS,-8.5,226.5
283,2023-12-17,NOP,SAS,NOP,-7.5,238.5
284,2023-12-17,HOU,MIL,MIL,-7.5,231.5
285,2023-12-17,WAS,PHX,PHX,-12.5,246.5
286,2023-12-17,GSW,POR,GSW,-5.5,233.5
287,2023-12-18,HOU,CLE,CLE,-3.5,214.5
288,2023-12-18,LAC,IND,LAC,-3.5,251.5
289,2023-12-18,CHI,PHI,PHI,-10.5,227.5
290,2023-12-18,DET,ATL,ATL,-11.5,246.5
291,2023-12-18,MIN,MIA,MIN,-1.5,217.5
292,2023-12-18,CHA,TOR,TOR,-12.5,224.5
293,2023-12-18,MEM,OKC,OKC,-10.5,229.5
294,2023-12-18,DAL,DEN,DEN,-8.5,239.5
295,2023-12-18,BKN,UTA,BKN,-3.5,233.5
296,2023-12-18,WAS,SAC,SAC,-14.5,252.5
297,2023-12-18,NYK,LAL,LAL,-5.5,236.5
298,2023-12-19,MEM,NOP,NOP,-8.5,229.5
299,2023-12-19,SAS,MIL,MIL,-16.5,248.5
300,2023-12-19,BOS,GSW,BOS,-5.5,233.5
301,2023-12-19,PHX,POR,PHX,-7.5,230.5
302,2023-12-20,UTA,CLE,CLE,-3.5,225.5
303,2023-12-20,CHA,IND,IND,-10.5,245.5
304,2023-12-20,MIA,ORL,ORL,-5.5,219.5
305,2023-12-20,MIN,PHI,PHI,-4.5,226.5
306,2023-12-20,NYK,BKN,NYK,-1.5,233.5
307,2023-12-20,DEN,TOR,DEN,-4.5,229.5
308,2023-12-20,LAL,CHI,LAL,-3.5,225.5
309,2023-12-20,ATL,HOU,HOU,-2.5,234.5
310,2023-12-20,LAC,DAL,LAC,-1.5,237.5
311,2023-12-20,BOS,SAC,SAC,-3.5,237.5
312,2023-12-21,UTA,DET,DET,-2.5,235.5
313,2023-12-21,NOP,CLE,NOP,-4.5,224.5
314,2023-12-21,SAS,CHI,CHI,-6.5,229.5
315,2023-12-21,IND,MEM,MEM,-2.5,247.5
316,2023-12-21,ORL,MIL,MIL,-8.5,238.5
317,2023-12-21,LAC,OKC,OKC,-6.5,237.5
318,2023-12-21,LAL,MIN,MIN,-8.5,222.5
319,2023-12-21,WAS,POR,POR,-4.5,238.5
320,2023-12-22,TOR,PHI,PHI,-8.5,230.5
321,2023-12-22,DEN,BKN,DEN,-5.5,231.5
322,2023-12-22,ATL,MIA,MIA,-1.5,238.5
323,2023-12-22,DAL,HOU,HOU,-8.5,222.5
324,2023-12-22,WAS,GSW,GSW,-11.5,248.5
325,2023-12-22,PHX,SAC,SAC,-3.5,244.5
326,2023-12-23,MIL,NYK,MIL,-2.5,243.5
327,2023-12-23,BOS,LAC,BOS,-4.5,231.5
328,2023-12-23,DEN,CHA,DEN,-10.5,224.5
329,2023-12-23,ORL,IND,IND,-2.5,244.5
330,2023-12-23,HOU,NOP,NOP,-7.5,226.5
331,2023-12-23,MEM,ATL,ATL,-1.5,237.5
332,2023-12-23,DET,BKN,BKN,-9.5,231.5
333,2023-12-23,UTA,TOR,TOR,-5.5,232.5
334,2023-12-23,CLE,CHI,CHI,-6.5,214.5
335,2023-12-23,LAL,OKC,OKC,-3.5,239.5
336,2023-12-23,SAS,DAL,DAL,-8.5,243.5
337,2023-12-23,POR,GSW,GSW,-8.5,228.5
338,2023-12-23,MIN,SAC,SAC,-2.5,232.5
339,2023-12-25,MIL,NYK,MIL,-3.5,243.5
340,2023-12-25,GSW,DEN,DEN,-7.5,235.5
341,2023-12-25,BOS,LAL,BOS,-5.5,235.5
342,2023-12-25,PHI,MIA,MIA,-2.5,227.5
343,2023-12-25,DAL,PHX,PHX,-4.5,243.5
344,2023-12-26,BKN,DET,BKN,-6.5,228.5
345,2023-12-26,ORL,WAS,ORL,-7.5,237.5
346,2023-12-26,ATL,CHI,ATL,-2.5,237.5
347,2023-12-26,IND,HOU,HOU,-2.5,240.5
348,2023-12-26,MEM,NOP,NOP,-4.5,228.5
349,2023-12-26,MIN,OKC,OKC,-1.5,230.5
350,2023-12-26,UTA,SAS,UTA,-2.5,241.5
351,2023-12-26,SAC,POR,SAC,-8.5,236.5
352,2023-12-26,CHA,LAC,LAC,-11.5,226.5
353,2023-12-27,PHI,ORL,ORL,-2.5,228.5
354,2023-12-27,TOR,WAS,TOR,-6.5,242.5
355,2023-12-27,MIL,BKN,MIL,-9.5,244.5
356,2023-12-27,PHX,HOU,PHX,-2.5,225.5
357,2023-12-27,NYK,OKC,OKC,-3.5,241.5
358,2023-12-27,CLE,DAL,DAL,-6.5,232.5
359,2023-12-28,DET,BOS,BOS,-17.5,234.5
360,2023-12-28,IND,CHI,CHI,-0.5,238.5
361,2023-12-28,DAL,MIN,MIN,-12.5,227.5
362,2023-12-28,UTA,NOP,NOP,-8.5,239.5
363,2023-12-28,MEM,DEN,DEN,-9.5,222.5
364,2023-12-28,MIA,GSW,GSW,-6.5,232.5
365,2023-12-28,SAS,POR,POR,-3.5,232.5
366,2023-12-28,CHA,LAL,LAL,-13.5,226.5
367,2023-12-29,NYK,ORL,ORL,-0.5,226.5
368,2023-12-29,BKN,WAS,BKN,-5.5,242.5
369,2023-12-29,SAC,ATL,ATL,-1.5,252.5
370,2023-12-29,TOR,BOS,BOS,-5.5,228.5
371,2023-12-29,MIL,CLE,MIL,-5.5,241.5
372,2023-12-29,PHI,HOU,PHI,-1.5,224.5
373,2023-12-29,OKC,DEN,DEN,-1.5,237.5
374,2023-12-29,CHA,PHX,PHX,-15.5,231.5
375,2023-12-29,SAS,POR,POR,-4.5,233.5
376,2023-12-29,MEM,LAC,LAC,-3.5,230.5
377,2023-12-30,MIA,UTA,MIA,-3.5,232.5
378,2023-12-30,TOR,DET,TOR,-3.5,232.5
379,2023-12-30,NYK,IND,IND,-3.5,247.5
380,2023-12-30,PHI,CHI,CHI,-0.5,225.5
381,2023-12-30,LAL,MIN,MIN,-4.5,227.5
382,2023-12-30,DAL,GSW,GSW,-3.5,243.5
383,2023-12-31,ATL,WAS,ATL,-6.5,252.5
384,2023-12-31,LAL,NOP,NOP,-5.5,232.5
385,2023-12-31,BKN,OKC,OKC,-7.5,235.5
386,2023-12-31,BOS,SAS,BOS,-14.5,241.5
387,2023-12-31,SAC,MEM,MEM,-0.5,236.5
388,2023-12-31,ORL,PHX,PHX,-5.5,232.5
389,2024-01-01,MIN,NYK,MIN,-1.5,222.5
390,2024-01-01,CLE,TOR,TOR,-2.5,227.5
391,2024-01-01,DET,HOU,HOU,-9.5,227.5
392,2024-01-01,IND,MIL,MIL,-8.5,262.5
393,2024-01-01,CHA,DEN,DEN,-17.5,224.5
394,2024-01-01,POR,PHX,PHX,-9.5,229.5
395,2024-01-01,DAL,UTA,DAL,-4.5,247.5
396,2024-01-01,MIA,LAC,LAC,-8.5,228.5
397,2024-01-02,CHI,PHI,PHI,-9.5,222.5
398,2024-01-02,SAS,MEM,MEM,-10.5,236.5
399,2024-01-02,BKN,NOP,NOP,-5.5,227.5
400,2024-01-02,BOS,OKC,BOS,-4.5,240.5
401,2024-01-02,ORL,GSW,GSW,-3.5,230.5
402,2024-01-02,CHA,SAC,SAC,-15.5,234.5
403,2024-01-03,WAS,CLE,CLE,-9.5,238.5
404,2024-01-03,MIL,IND,MIL,-3.5,257.5
405,2024-01-03,OKC,ATL,ATL,-1.5,249.5
406,2024-01-03,CHI,NYK,NYK,-7.5,219.5
407,2024-01-03,BKN,HOU,HOU,-4.5,222.5
408,2024-01-03,TOR,MEM,MEM,-1.5,227.5
409,2024-01-03,NOP,MIN,MIN,-6.5,220.5
410,2024-01-03,POR,DAL,DAL,-11.5,238.5
411,2024-01-03,LAC,PHX,LAC,-3.5,231.5
412,2024-01-03,DET,UTA,UTA,-8.5,240.5
413,2024-01-03,MIA,LAL,LAL,-5.5,229.5
414,2024-01-03,ORL,SAC,SAC,-5.5,231.5
415,2024-01-04,MIL,SAS,MIL,-11.5,248.5
416,2024-01-04,DEN,GSW,DEN,-3.5,234.5
417,2024-01-05,UTA,BOS,BOS,-14.5,241.5
418,2024-01-05,ATL,IND,IND,-2.5,261.5
419,2024-01-05,OKC,BKN,OKC,-4.5,234.5
420,2024-01-05,WAS,CLE,CLE,-10.5,237.5
421,2024-01-05,NYK,PHI,PHI,-5.5,233.5
422,2024-01-05,CHA,CHI,CHI,-8.5,218.5
423,2024-01-05,MIN,HOU,MIN,-4.5,216.5
424,2024-01-05,LAC,NOP,NOP,-0.5,230.5
425,2024-01-05,POR,DAL,DAL,-7.5,233.5
426,2024-01-05,ORL,DEN,DEN,-9.5,223.5
427,2024-01-05,MIA,PHX,PHX,-3.5,228.5
428,2024-01-05,DET,GSW,GSW,-10.5,239.5
429,2024-01-05,MEM,LAL,LAL,-3.5,225.5
430,2024-01-05,TOR,SAC,SAC,-4.5,237.5
431,2024-01-06,BOS,IND,BOS,-6.5,249.5
432,2024-01-06,NYK,WAS,NYK,-9.5,239.5
433,2024-01-06,UTA,PHI,PHI,-5.5,235.5
434,2024-01-06,MIL,HOU,MIL,-7.5,237.5
435,2024-01-07,SAS,CLE,CLE,-10.5,232.5
436,2024-01-07,POR,BKN,BKN,-9.5,226.5
437,2024-01-07,ATL,ORL,ATL,-2.5,240.5
438,2024-01-07,NOP,SAC,SAC,-4.5,234.5
439,2024-01-07,MIN,DAL,MIN,-2.5,234.5
440,2024-01-07,DET,DEN,DEN,-16.5,235.5
441,2024-01-07,MEM,PHX,PHX,-8.5,228.5
442,2024-01-07,TOR,GSW,GSW,-2.5,237.5
443,2024-01-07,LAC,LAL,LAC,-5.5,232.5
444,2024-01-08,CHI,CHA,CHI,-6.5,215.5
445,2024-01-08,BOS,IND,BOS,-3.5,245.5
446,2024-01-08,OKC,WAS,OKC,-11.5,245.5
447,2024-01-08,HOU,MIA,MIA,-4.5,218.5
448,2024-01-08,UTA,MIL,MIL,-8.5,242.5
449,2024-01-08,PHX,LAC,LAC,-5.5,234.5
450,2024-01-09,SAC,DET,SAC,-11.5,241.5
451,2024-01-09,MIN,ORL,MIN,-5.5,217.5
452,2024-01-09,POR,NYK,NYK,-12.5,229.5
453,2024-01-09,MEM,DAL,DAL,-9.5,236.5
454,2024-01-09,TOR,LAL,LAL,-4.5,236.5
455,2024-01-10,MIN,BOS,BOS,-10.5,228.5
456,2024-01-10,SAC,CHA,SAC,-8.5,229.5
457,2024-01-10,SAS,DET,SAS,-3.5,238.5
458,2024-01-10,WAS,IND,IND,-8.5,252.5
459,2024-01-10,PHI,ATL,ATL,-0.5,245.5
460,2024-01-10,OKC,MIA,OKC,-4.5,233.5
461,2024-01-10,HOU,CHI,CHI,-4.5,216.5
462,2024-01-10,DEN,UTA,DEN,-6.5,239.5
463,2024-01-10,NOP,GSW,NOP,-2.5,233.5
464,2024-01-10,TOR,LAC,LAC,-11.5,232.5
465,2024-01-11,BOS,MIL,MIL,-2.5,247.5
466,2024-01-11,POR,OKC,OKC,-13.5,237.5
467,2024-01-11,NYK,DAL,NYK,-4.5,234.5
468,2024-01-11,PHX,LAL,PHX,-1.5,238.5
469,2024-01-12,SAC,PHI,PHI,-0.5,241.5
470,2024-01-12,IND,ATL,ATL,-5.5,250.5
471,2024-01-12,HOU,DET,HOU,-8.5,224.5
472,2024-01-12,ORL,MIA,MIA,-1.5,219.5
473,2024-01-12,GSW,CHI,CHI,-3.5,228.5
474,2024-01-12,LAC,MEM,LAC,-8.5,224.5
475,2024-01-12,POR,MIN,MIN,-16.5,219.5
476,2024-01-12,NOP,DEN,DEN,-5.5,230.5
477,2024-01-12,TOR,UTA,UTA,-1.5,242.5
478,2024-01-12,CHA,SAS,SAS,-2.5,236.5
479,2024-01-13,HOU,BOS,BOS,-14.5,226.5
480,2024-01-13,WAS,ATL,ATL,-7.5,248.5
481,2024-01-13,NYK,MEM,NYK,-10.5,219.5
482,2024-01-13,GSW,MIL,MIL,-13.5,241.5
483,2024-01-13,ORL,OKC,OKC,-11.5,231.5
484,2024-01-13,NOP,DAL,DAL,-5.5,227.5
485,2024-01-13,CHI,SAS,CHI,-6.5,229.5
486,2024-01-13,LAL,UTA,UTA,-2.5,238.5
487,2024-01-14,IND,DEN,DEN,-10.5,239.5
488,2024-01-14,CHA,MIA,MIA,-8.5,225.5
489,2024-01-14,SAC,MIL,MIL,-4.5,246.5
490,2024-01-14,LAC,MIN,MIN,-0.5,225.5
491,2024-01-14,PHX,POR,PHX,-14.5,234.5
492,2024-01-15,HOU,PHI,PHI,-8.5,227.5
493,2024-01-15,NOP,DAL,NOP,-4.5,235.5
494,2024-01-15,ORL,NYK,NYK,-5.5,217.5
495,2024-01-15,DET,WAS,WAS,-5.5,240.5
496,2024-01-15,SAS,ATL,ATL,-8.5,246.5
497,2024-01-15,GSW,MEM,GSW,-7.5,226.5
498,2024-01-15,CHI,CLE,CLE,-4.5,222.5
499,2024-01-15,MIA,BKN,BKN,-0.5,220.5
500,2024-01-15,BOS,TOR,BOS,-6.5,238.5
501,2024-01-15,IND,UTA,UTA,-6.5,245.5
502,2024-01-15,OKC,LAL,OKC,-2.5,242.5
503,2024-01-16,DEN,PHI,PHI,-1.5,232.5
504,2024-01-16,SAC,PHX,PHX,-4.5,244.5
505,2024-01-16,OKC,LAC,LAC,-5.5,240.5
506,2024-01-17,MIN,DET,MIN,-12.5,223.5
507,2024-01-17,ORL,ATL,ATL,-4.5,228.5
508,2024-01-17,SAS,BOS,BOS,-14.5,237.5
509,2024-01-17,MIL,CLE,CLE,-1.5,237.5
510,2024-01-17,HOU,NYK,NYK,-7.5,223.5
511,2024-01-17,MIA,TOR,MIA,-3.5,226.5
512,2024-01-17,CHA,NOP,NOP,-12.5,229.5
513,2024-01-17,DAL,LAL,LAL,-3.5,244.5
514,2024-01-17,BKN,POR,BKN,-5.5,221.5
515,2024-01-18,WAS,NYK,NYK,-11.5,234.5
516,2024-01-18,CHI,TOR,CHI,-1.5,228.5
517,2024-01-18,OKC,UTA,OKC,-3.5,245.5
518,2024-01-18,MEM,MIN,MIN,-12.5,214.5
519,2024-01-18,IND,SAC,SAC,-8.5,244.5
520,2024-01-19,SAS,CHA,CHA,-4.5,236.5
521,2024-01-19,PHI,ORL,PHI,-5.5,222.5
522,2024-01-19,DEN,BOS,BOS,-7.5,233.5
523,2024-01-19,ATL,MIA,MIA,-0.5,212.5
524,2024-01-19,PHX,NOP,NOP,-2.5,237.5
525,2024-01-19,IND,POR,IND,-7.5,237.5
526,2024-01-19,BKN,LAL,LAL,-7.5,226.5
527,2024-01-20,MIL,DET,MIL,-13.5,245.5
528,2024-01-20,PHI,CHA,PHI,-12.5,227.5
529,2024-01-20,SAS,WAS,WAS,-2.5,241.5
530,2024-01-20,CLE,ATL,CLE,-2.5,232.5
531,2024-01-20,TOR,NYK,NYK,-7.5,229.5
532,2024-01-20,MEM,CHI,CHI,-7.5,215.5
533,2024-01-20,UTA,HOU,HOU,-2.5,234.5
534,2024-01-20,OKC,MIN,MIN,-3.5,229.5
535,2024-01-21,BKN,LAC,LAC,-9.5,227.5
536,2024-01-21,MIA,ORL,ORL,-1.5,213.5
537,2024-01-21,DEN,WAS,DEN,-12.5,237.5
538,2024-01-21,BOS,HOU,BOS,-11.5,226.5
539,2024-01-21,IND,PHX,PHX,-6.5,245.5
540,2024-01-21,POR,LAL,LAL,-11.5,230.5
541,2024-01-22,MIL,DET,MIL,-12.5,248.5
542,2024-01-22,CLE,ORL,CLE,-2.5,215.5
543,2024-01-22,SAS,PHI,PHI,-13.5,237.5
544,2024-01-22,MEM,TOR,TOR,-7.5,226.5
545,2024-01-22,CHA,MIN,MIN,-13.5,220.5
546,2024-01-22,BOS,DAL,BOS,-2.5,240.5
547,2024-01-22,CHI,PHX,PHX,-5.5,228.5
548,2024-01-22,ATL,SAC,SAC,-8.5,237.5
549,2024-01-23,DEN,IND,DEN,-4.5,237.5
550,2024-01-23,NYK,BKN,NYK,-3.5,223.5
551,2024-01-23,UTA,NOP,NOP,-6.5,239.5
552,2024-01-23,POR,OKC,OKC,-13.5,233.5
553,2024-01-23,LAL,LAC,LAC,-9.5,235.5
554,2024-01-24,CHA,DET,DET,-2.5,230.5
555,2024-01-24,MIN,WAS,MIN,-10.5,229.5
556,2024-01-24,MEM,MIA,MIA,-11.5,214.5
557,2024-01-24,OKC,SAS,OKC,-8.5,241.5
558,2024-01-24,POR,HOU,HOU,-10.5,220.5
559,2024-01-24,CLE,MIL,MIL,-6.5,237.5
560,2024-01-24,PHX,DAL,PHX,-2.5,241.5
561,2024-01-24,ATL,GSW,GSW,-6.5,235.5
562,2024-01-25,PHI,IND,PHI,-3.5,239.5
563,2024-01-25,UTA,WAS,UTA,-7.5,246.5
564,2024-01-25,MIN,BKN,MIN,-3.5,218.5
565,2024-01-25,BOS,MIA,BOS,-8.5,224.5
566,2024-01-25,DEN,NYK,DEN,-2.5,222.5
567,2024-01-25,SAC,GSW,SAC,-1.5,243.5
568,2024-01-25,CHI,LAL,LAL,-5.5,229.5
569,2024-01-26,DAL,ATL,ATL,-2.5,245.5
570,2024-01-26,HOU,CHA,HOU,-4.5,223.5
571,2024-01-26,LAC,TOR,LAC,-8.5,237.5
572,2024-01-26,ORL,MEM,ORL,-6.5,212.5
573,2024-01-26,CLE,MIL,MIL,-5.5,238.5
574,2024-01-26,OKC,NOP,OKC,-1.5,237.5
575,2024-01-26,POR,SAS,SAS,-4.5,232.5
576,2024-01-27,WAS,DET,DET,-3.5,241.5
577,2024-01-27,MIA,NYK,NYK,-4.5,220.5
578,2024-01-27,PHI,DEN,DEN,-12.5,224.5
579,2024-01-27,HOU,BKN,BKN,-4.5,221.5
580,2024-01-27,LAC,BOS,BOS,-6.5,232.5
581,2024-01-27,UTA,CHA,UTA,-10.5,231.5
582,2024-01-27,NOP,MIL,MIL,-3.5,242.5
583,2024-01-27,MIN,SAS,MIN,-10.5,228.5
584,2024-01-27,LAL,GSW,GSW,-1.5,245.5
585,2024-01-27,SAC,DAL,SAC,-4.5,245.5
586,2024-01-28,MEM,IND,IND,-7.5,229.5
587,2024-01-28,TOR,ATL,ATL,-7.5,240.5
588,2024-01-28,OKC,DET,OKC,-12.5,237.5
589,2024-01-28,PHX,ORL,PHX,-1.5,228.5
590,2024-01-28,CHI,POR,CHI,-5.5,222.5
591,2024-01-29,NYK,CHA,NYK,-9.5,218.5
592,2024-01-29,LAC,CLE,LAC,-1.5,226.5
593,2024-01-29,NOP,BOS,BOS,-7.5,233.5
594,2024-01-29,UTA,BKN,BKN,-0.5,236.5
595,2024-01-29,PHX,MIA,MIA,-2.5,230.5
596,2024-01-29,LAL,HOU,LAL,-1.5,235.5
597,2024-01-29,SAC,MEM,SAC,-10.5,223.5
598,2024-01-29,MIN,OKC,OKC,-2.5,225.5
599,2024-01-29,WAS,SAS,SAS,-3.5,241.5
600,2024-01-29,ORL,DAL,DAL,-3.5,227.5
601,2024-01-29,MIL,DEN,DEN,-4.5,237.5
602,2024-01-29,PHI,POR,PHI,-5.5,221.5
603,2024-01-30,LAL,ATL,ATL,-5.5,247.5
604,2024-01-30,IND,BOS,BOS,-7.5,247.5
605,2024-01-30,UTA,NYK,NYK,-2.5,229.5
606,2024-01-30,TOR,CHI,CHI,-6.5,227.5
607,2024-01-30,PHI,GSW,GSW,-1.5,232.5
608,2024-01-31,CHI,CHA,CHI,-5.5,214.5
609,2024-01-31,DET,CLE,CLE,-13.5,231.5
610,2024-01-31,LAC,WAS,LAC,-9.5,235.5
611,2024-01-31,PHX,BKN,PHX,-3.5,232.5
612,2024-01-31,SAC,MIA,MIA,-2.5,228.5
613,2024-01-31,NOP,HOU,HOU,-0.5,230.5
614,2024-01-31,DAL,MIN,MIN,-12.5,221.5
615,2024-01-31,ORL,SAS,ORL,-6.5,226.5
616,2024-01-31,DEN,OKC,OKC,-6.5,223.5
617,2024-01-31,MIL,POR,MIL,-10.5,237.5
618,2024-02-01,LAL,BOS,BOS,-15.5,237.5
619,2024-02-01,IND,NYK,NYK,-1.5,235.5
620,2024-02-01,PHI,UTA,UTA,-4.5,242.5
621,2024-02-01,CLE,MEM,CLE,-9.5,215.5
622,2024-02-02,LAC,DET,LAC,-12.5,239.5
623,2024-02-02,MIA,WAS,MIA,-8.5,227.5
624,2024-02-02,PHX,ATL,PHX,-3.5,250.5
625,2024-02-02,SAC,IND,SAC,-3.5,248.5
626,2024-02-02,TOR,HOU,HOU,-4.5,232.5
627,2024-02-02,GSW,MEM,GSW,-7.5,226.5
628,2024-02-02,ORL,MIN,MIN,-6.5,212.5
629,2024-02-02,CHA,OKC,OKC,-15.5,225.5
630,2024-02-02,NOP,SAS,NOP,-8.5,234.5
631,2024-02-02,POR,DEN,DEN,-14.5,220.5
632,2024-02-03,BKN,PHI,PHI,-1.5,231.5
633,2024-02-03,GSW,ATL,ATL,-2.5,245.5
634,2024-02-03,SAC,CHI,CHI,-1.5,228.5
635,2024-02-03,LAL,NYK,NYK,-2.5,227.5
636,2024-02-03,MIL,DAL,MIL,-4.5,248.5
637,2024-02-03,CLE,SAS,CLE,-10.5,232.5
638,2024-02-04,ORL,DET,ORL,-6.5,230.5
639,2024-02-04,PHX,WAS,PHX,-11.5,240.5
640,2024-02-04,MEM,BOS,BOS,-19.5,218.5
641,2024-02-04,IND,CHA,IND,-11.5,236.5
642,2024-02-04,LAC,MIA,LAC,-4.5,223.5
643,2024-02-04,HOU,MIN,MIN,-7.5,221.5
644,2024-02-04,TOR,OKC,OKC,-8.5,237.5
645,2024-02-04,MIL,UTA,UTA,-2.5,249.5
646,2024-02-04,POR,DEN,DEN,-15.5,220.5
647,2024-02-05,LAL,CHA,LAL,-13.5,227.5
648,2024-02-05,SAC,CLE,CLE,-4.5,235.5
649,2024-02-05,DAL,PHI,DAL,-2.5,241.5
650,2024-02-05,LAC,ATL,LAC,-4.5,245.5
651,2024-02-05,GSW,BKN,BKN,-0.5,239.5
652,2024-02-05,TOR,NOP,NOP,-10.5,232.5
653,2024-02-06,HOU,IND,IND,-8.5,244.5
654,2024-02-06,DAL,BKN,DAL,-2.5,236.5
655,2024-02-06,ORL,MIA,MIA,-3.5,213.5
656,2024-02-06,MEM,NYK,NYK,-13.5,213.5
657,2024-02-06,MIN,CHI,MIN,-4.5,216.5
658,2024-02-06,OKC,UTA,OKC,-3.5,237.5
659,2024-02-06,MIL,PHX,PHX,-5.5,242.5
660,2024-02-07,TOR,CHA,TOR,-7.5,226.5
661,2024-02-07,GSW,PHI,GSW,-3.5,236.5
662,2024-02-07,CLE,WAS,CLE,-11.5,234.5
663,2024-02-07,ATL,BOS,BOS,-11.5,245.5
664,2024-02-07,SAS,MIA,MIA,-6.5,227.5
665,2024-02-07,NOP,LAC,LAC,-5.5,232.5
666,2024-02-07,DET,SAC,SAC,-13.5,238.5
667,2024-02-08,GSW,IND,IND,-5.5,248.5
668,2024-02-08,SAS,ORL,ORL,-10.5,224.5
669,2024-02-08,CLE,BKN,CLE,-7.5,224.5
670,2024-02-08,DAL,NYK,DAL,-5.5,222.5
671,2024-02-08,CHI,MEM,CHI,-5.5,217.5
672,2024-02-08,MIN,MIL,MIN,-2.5,223.5
673,2024-02-08,UTA,PHX,PHX,-5.5,239.5
674,2024-02-08,DEN,LAL,DEN,-3.5,232.5
675,2024-02-08,DET,POR,POR,-4.5,225.5
676,2024-02-09,ATL,PHI,ATL,-3.5,244.5
677,2024-02-09,WAS,BOS,BOS,-18.5,236.5
678,2024-02-09,HOU,TOR,TOR,-2.5,235.5
679,2024-02-09,CHA,MIL,MIL,-16.5,228.5
680,2024-02-09,DEN,SAC,SAC,-2.5,231.5
681,2024-02-09,NOP,LAL,NOP,-2.5,236.5
682,2024-02-10,OKC,DAL,OKC,-1.5,238.5
683,2024-02-10,DET,LAC,LAC,-16.5,235.5
684,2024-02-10,SAS,BKN,BKN,-6.5,231.5
685,2024-02-10,MEM,CHA,MEM,-5.5,216.5
686,2024-02-10,CHI,ORL,ORL,-5.5,218.5
687,2024-02-10,PHI,WAS,PHI,-5.5,243.5
688,2024-02-10,HOU,ATL,ATL,-7.5,241.5
689,2024-02-10,IND,NYK,IND,-3.5,237.5
690,2024-02-10,CLE,TOR,CLE,-8.5,230.5
691,2024-02-10,NOP,POR,NOP,-8.5,219.5
692,2024-02-11,BOS,MIA,BOS,-7.5,224.5
693,2024-02-11,SAC,OKC,OKC,-3.5,239.5
694,2024-02-12,IND,CHA,IND,-10.5,238.5
695,2024-02-12,PHI,CLE,CLE,-11.5,231.5
696,2024-02-12,CHI,ATL,ATL,-4.5,240.5
697,2024-02-12,SAS,TOR,TOR,-5.5,236.5
698,2024-02-12,NYK,HOU,HOU,-1.5,224.5
699,2024-02-12,NOP,MEM,NOP,-9.5,221.5
700,2024-02-12,DEN,MIL,MIL,-1.5,229.5
701,2024-02-12,WAS,DAL,DAL,-12.5,247.5
702,2024-02-12,GSW,UTA,UTA,-0.5,240.5
703,2024-02-12,MIN,LAC,LAC,-4.5,223.5
704,2024-02-13,BOS,BKN,BOS,-7.5,227.5
705,2024-02-13,OKC,ORL,OKC,-2.5,222.5
706,2024-02-13,MIA,MIL,MIL,-7.5,223.5
707,2024-02-13,SAC,PHX,PHX,-4.5,245.5
708,2024-02-13,MIN,POR,MIN,-9.5,214.5
709,2024-02-13,DET,LAL,LAL,-11.5,243.5
710,2024-02-14,ATL,CHA,ATL,-6.5,238.5
711,2024-02-14,NYK,ORL,ORL,-3.5,211.5
712,2024-02-14,MIA,PHI,PHI,-2.5,227.5
713,2024-02-14,BKN,BOS,BOS,-11.5,227.5
714,2024-02-14,CHI,CLE,CLE,-9.5,222.5
715,2024-02-14,IND,TOR,IND,-2.5,246.5
716,2024-02-14,HOU,MEM,HOU,-1.5,217.5
717,2024-02-14,WAS,NOP,NOP,-14.5,234.5
718,2024-02-14,SAS,DAL,DAL,-11.5,243.5
719,2024-02-14,SAC,DEN,DEN,-5.5,229.5
720,2024-02-14,DET,PHX,PHX,-13.5,238.5
721,2024-02-14,LAL,UTA,UTA,-5.5,240.5
722,2024-02-14,LAC,GSW,GSW,-3.5,237.5
723,2024-02-15,MIL,MEM,MIL,-14.5,222.5
724,2024-02-15,MIN,POR,MIN,-9.5,216.5
725,2024-02-22,ORL,CLE,CLE,-5.5,214.5
726,2024-02-22,DET,IND,IND,-12.5,247.5
727,2024-02-22,NYK,PHI,PHI,-1.5,228.5
728,2024-02-22,BKN,TOR,TOR,-1.5,231.5
729,2024-02-22,PHX,DAL,DAL,-2.5,244.5
730,2024-02-22,BOS,CHI,BOS,-8.5,223.5
731,2024-02-22,HOU,NOP,NOP,-6.5,226.5
732,2024-02-22,LAC,OKC,OKC,-1.5,235.5
733,2024-02-22,WAS,DEN,DEN,-15.5,232.5
734,2024-02-22,CHA,UTA,UTA,-9.5,229.5
735,2024-02-22,LAL,GSW,GSW,-6.5,243.5
736,2024-02-22,SAS,SAC,SAC,-10.5,242.5
737,2024-02-23,TOR,ATL,ATL,-7.5,244.5
738,2024-02-23,CLE,PHI,CLE,-1.5,225.5
739,2024-02-23,PHX,HOU,PHX,-2.5,234.5
740,2024-02-23,LAC,MEM,LAC,-8.5,223.5
741,2024-02-23,MIL,MIN,MIN,-4.5,226.5
742,2024-02-23,WAS,OKC,OKC,-15.5,241.5
743,2024-02-23,MIA,NOP,NOP,-2.5,219.5
744,2024-02-23,CHA,GSW,GSW,-12.5,228.5
745,2024-02-23,DEN,POR,DEN,-8.5,215.5
746,2024-02-23,SAS,LAL,LAL,-10.5,241.5
747,2024-02-24,ORL,DET,ORL,-8.5,224.5
748,2024-02-24,BKN,MIN,MIN,-8.5,221.5
749,2024-02-24,BOS,NYK,BOS,-6.5,224.5
750,2024-02-25,MIL,PHI,MIL,-4.5,234.5
751,2024-02-25,LAL,PHX,PHX,-3.5,241.5
752,2024-02-25,DAL,IND,DAL,-2.5,251.5
753,2024-02-25,CLE,WAS,CLE,-13.5,234.5
754,2024-02-25,ORL,ATL,ATL,-2.5,222.5
755,2024-02-25,OKC,HOU,OKC,-6.5,232.5
756,2024-02-25,CHI,NOP,NOP,-4.5,224.5
757,2024-02-25,DEN,GSW,GSW,-0.5,233.5
758,2024-02-25,SAS,UTA,UTA,-7.5,239.5
759,2024-02-25,CHA,POR,POR,-3.5,213.5
760,2024-02-25,SAC,LAC,LAC,-4.5,240.5
761,2024-02-26,DET,NYK,NYK,-11.5,225.5
762,2024-02-26,TOR,IND,IND,-5.5,246.5
763,2024-02-26,BKN,MEM,BKN,-2.5,214.5
764,2024-02-26,MIA,SAC,SAC,-7.5,223.5
765,2024-02-27,DAL,CLE,CLE,-3.5,230.5
766,2024-02-27,BKN,ORL,ORL,-6.5,210.5
767,2024-02-27,GSW,WAS,GSW,-11.5,244.5
768,2024-02-27,UTA,ATL,ATL,-1.5,238.5
769,2024-02-27,PHI,BOS,BOS,-11.5,231.5
770,2024-02-27,NOP,NYK,NOP,-6.5,214.5
771,2024-02-27,SAS,MIN,MIN,-13.5,222.5
772,2024-02-27,DET,CHI,CHI,-10.5,223.5
773,2024-02-27,CHA,MIL,MIL,-13.5,219.5
774,2024-02-27,HOU,OKC,OKC,-10.5,233.5
775,2024-02-27,MIA,POR,MIA,-6.5,213.5
776,2024-02-28,NOP,IND,IND,-3.5,239.5
777,2024-02-28,DAL,TOR,DAL,-3.5,241.5
778,2024-02-28,MEM,MIN,MIN,-13.5,209.5
779,2024-02-28,CLE,CHI,CLE,-5.5,216.5
780,2024-02-28,SAC,DEN,DEN,-9.5,227.5
781,2024-02-28,LAL,LAC,LAC,-1.5,236.5
782,2024-02-29,MIL,CHA,MIL,-11.5,218.5
783,2024-02-29,UTA,ORL,ORL,-6.5,226.5
784,2024-02-29,ATL,BKN,BKN,-0.5,220.5
785,2024-02-29,GSW,NYK,GSW,-3.5,223.5
786,2024-02-29,OKC,SAS,OKC,-11.5,238.5
787,2024-02-29,HOU,PHX,PHX,-8.5,230.5
788,2024-02-29,MIA,DEN,DEN,-6.5,214.5
789,2024-02-29,WAS,LAL,LAL,-10.5,244.5
790,2024-03-01,CLE,DET,CLE,-6.5,219.5
791,2024-03-01,CHA,PHI,PHI,-11.5,213.5
792,2024-03-01,DAL,BOS,BOS,-9.5,237.5
793,2024-03-01,GSW,TOR,GSW,-3.5,237.5
794,2024-03-01,POR,MEM,MEM,-1.5,208.5
795,2024-03-01,SAC,MIN,MIN,-8.5,222.5
796,2024-03-01,IND,NOP,NOP,-5.5,238.5
797,2024-03-01,MIL,CHI,MIL,-3.5,221.5
798,2024-03-01,WAS,LAC,LAC,-16.5,238.5
799,2024-03-02,ATL,BKN,ATL,-1.5,218.5
800,2024-03-02,UTA,MIA,MIA,-9.5,223.5
801,2024-03-02,POR,MEM,MEM,-2.5,210.5
802,2024-03-02,DEN,LAL,LAL,-0.5,230.5
803,2024-03-02,HOU,PHX,PHX,-8.5,232.5
804,2024-03-03,PHI,DAL,DAL,-7.5,239.5
805,2024-03-03,GSW,BOS,BOS,-8.5,230.5
806,2024-03-03,LAC,MIN,MIN,-2.5,219.5
807,2024-03-03,DET,ORL,ORL,-10.5,216.5
808,2024-03-03,CHA,TOR,TOR,-7.5,223.5
809,2024-03-03,NYK,CLE,CLE,-4.5,209.5
810,2024-03-03,IND,SAS,IND,-6.5,243.5
811,2024-03-03,OKC,PHX,OKC,-4.5,233.5
812,2024-03-04,MEM,BKN,BKN,-9.5,206.5
813,2024-03-04,LAC,MIL,LAC,-2.5,223.5
814,2024-03-04,POR,MIN,MIN,-15.5,210.5
815,2024-03-04,WAS,UTA,UTA,-4.5,241.5
816,2024-03-04,CHI,SAC,SAC,-6.5,230.5
817,2024-03-04,OKC,LAL,OKC,-1.5,239.5
818,2024-03-05,ORL,CHA,ORL,-8.5,207.5
819,2024-03-05,BOS,CLE,BOS,-8.5,217.5
820,2024-03-05,PHI,BKN,BKN,-0.5,212.5
821,2024-03-05,DET,MIA,MIA,-11.5,217.5
822,2024-03-05,ATL,NYK,NYK,-1.5,213.5
823,2024-03-05,NOP,TOR,NOP,-9.5,229.5
824,2024-03-05,SAS,HOU,HOU,-6.5,228.5
825,2024-03-05,IND,DAL,DAL,-5.5,247.5
826,2024-03-05,PHX,DEN,DEN,-8.5,225.5
827,2024-03-06,ORL,WAS,ORL,-7.5,224.5
828,2024-03-06,CLE,ATL,ATL,-3.5,216.5
829,2024-03-06,MEM,PHI,PHI,-4.5,213.5
830,2024-03-06,LAC,HOU,LAC,-6.5,222.5
831,2024-03-06,CHI,UTA,CHI,-4.5,224.5
832,2024-03-06,MIL,GSW,GSW,-2.5,229.5
833,2024-03-06,OKC,POR,OKC,-13.5,224.5
834,2024-03-06,SAC,LAL,LAL,-3.5,239.5
835,2024-03-07,BKN,DET,BKN,-2.5,215.5
836,2024-03-07,MIN,IND,IND,-1.5,228.5
837,2024-03-07,MIA,DAL,DAL,-4.5,230.5
838,2024-03-07,TOR,PHX,PHX,-10.5,235.5
839,2024-03-07,BOS,DEN,BOS,-1.5,221.5
840,2024-03-07,CHI,GSW,GSW,-8.5,223.5
841,2024-03-07,SAS,SAC,SAC,-11.5,235.5
842,2024-03-08,NOP,PHI,NOP,-8.5,222.5
843,2024-03-08,CHA,WAS,WAS,-2.5,225.5
844,2024-03-08,MIN,CLE,CLE,-1.5,205.5
845,2024-03-08,ORL,NYK,NYK,-2.5,207.5
846,2024-03-08,ATL,MEM,ATL,-3.5,214.5
847,2024-03-08,MIA,OKC,OKC,-8.5,226.5
848,2024-03-08,MIL,LAL,MIL,-4.5,229.5
849,2024-03-08,HOU,POR,HOU,-6.5,218.5
850,2024-03-09,CHI,LAC,LAC,-8.5,220.5
851,2024-03-09,BKN,CHA,BKN,-6.5,206.5
852,2024-03-09,DAL,DET,DAL,-8.5,238.5
853,2024-03-09,BOS,PHX,BOS,-5.5,226.5
854,2024-03-09,SAS,GSW,GSW,-12.5,225.5
855,2024-03-09,UTA,DEN,DEN,-13.5,226.5
856,2024-03-09,TOR,POR,TOR,-2.5,228.5
857,2024-03-10,MIL,LAC,MIL,-6.5,221.5
858,2024-03-10,NOP,ATL,NOP,-6.5,222.5
859,2024-03-10,WAS,MIA,MIA,-11.5,228.5
860,2024-03-10,PHI,NYK,NYK,-7.5,212.5
861,2024-03-10,IND,ORL,ORL,-1.5,222.5
862,2024-03-10,HOU,SAC,SAC,-6.5,234.5
863,2024-03-10,BKN,CLE,CLE,-6.5,209.5
864,2024-03-10,MEM,OKC,OKC,-15.5,219.5
865,2024-03-10,MIN,LAL,LAL,-4.5,226.5
866,2024-03-11,CHA,DET,DET,-4.5,217.5
867,2024-03-11,PHX,CLE,PHX,-7.5,221.5
868,2024-03-11,DAL,CHI,DAL,-3.5,232.5
869,2024-03-11,GSW,SAS,GSW,-5.5,225.5
870,2024-03-11,TOR,DEN,DEN,-16.5,231.5
871,2024-03-11,BOS,POR,BOS,-11.5,219.5
872,2024-03-12,PHI,NYK,NYK,-5.5,209.5
873,2024-03-12,WAS,MEM,WAS,-2.5,222.5
874,2024-03-12,IND,OKC,OKC,-5.5,241.5
875,2024-03-12,HOU,SAS,HOU,-3.5,221.5
876,2024-03-12,BOS,UTA,BOS,-6.5,230.5
877,2024-03-12,MIN,LAC,LAC,-5.5,213.5
878,2024-03-12,MIL,SAC,SAC,-1.5,234.5
879,2024-03-13,TOR,DET,DET,-3.5,233.5
880,2024-03-13,BKN,ORL,ORL,-6.5,205.5
881,2024-03-13,CHI,IND,IND,-5.5,228.5
882,2024-03-13,DEN,MIA,DEN,-3.5,217.5
883,2024-03-13,CHA,MEM,CHA,-2.5,202.5
884,2024-03-13,CLE,NOP,NOP,-6.5,217.5
885,2024-03-13,GSW,DAL,DAL,-8.5,233.5
886,2024-03-13,ATL,POR,ATL,-4.5,216.5
887,2024-03-13,LAL,SAC,LAL,-2.5,237.5
888,2024-03-14,PHX,BOS,BOS,-5.5,226.5
889,2024-03-14,LAC,CHI,LAC,-6.5,214.5
890,2024-03-14,WAS,HOU,HOU,-8.5,227.5
891,2024-03-14,PHI,MIL,MIL,-6.5,219.5
892,2024-03-14,DAL,OKC,OKC,-9.5,233.5
893,2024-03-14,NYK,POR,NYK,-12.5,203.5
894,2024-03-15,PHX,CHA,PHX,-10.5,220.5
895,2024-03-15,MIA,DET,MIA,-8.5,217.5
896,2024-03-15,ORL,TOR,ORL,-7.5,218.5
897,2024-03-15,LAC,NOP,NOP,-6.5,218.5
898,2024-03-15,DEN,SAS,DEN,-10.5,224.5
899,2024-03-15,ATL,UTA,ATL,-1.5,222.5
900,2024-03-16,CLE,HOU,CLE,-4.5,215.5
901,2024-03-16,BKN,IND,IND,-8.5,229.5
902,2024-03-16,CHA,PHI,PHI,-10.5,208.5
903,2024-03-16,POR,NOP,NOP,-12.5,215.5
904,2024-03-16,WAS,CHI,CHI,-9.5,223.5
905,2024-03-16,OKC,MEM,OKC,-10.5,218.5
906,2024-03-16,GSW,LAL,LAL,-1.5,233.5
907,2024-03-16,MIN,UTA,MIN,-7.5,224.5
908,2024-03-16,NYK,SAC,SAC,-3.5,217.5
909,2024-03-17,PHX,MIL,PHX,-2.5,226.5
910,2024-03-17,MIA,DET,MIA,-5.5,214.5
911,2024-03-17,DEN,DAL,DEN,-1.5,231.5
912,2024-03-17,TOR,ORL,ORL,-11.5,218.5
913,2024-03-17,BOS,WAS,BOS,-14.5,226.5
914,2024-03-17,BKN,SAS,SAS,-1.5,218.5
915,2024-03-17,ATL,LAC,LAC,-9.5,221.5
916,2024-03-18,CLE,IND,IND,-6.5,225.5
917,2024-03-18,DET,BOS,BOS,-15.5,223.5
918,2024-03-18,MIA,PHI,PHI,-2.5,205.5
919,2024-03-18,POR,CHI,CHI,-8.5,213.5
920,2024-03-18,MIN,UTA,MIN,-4.5,225.5
921,2024-03-18,NYK,GSW,GSW,-6.5,213.5
922,2024-03-18,MEM,SAC,SAC,-11.5,221.5
923,2024-03-18,ATL,LAL,LAL,-9.5,226.5
924,2024-03-19,CHA,ORL,ORL,-13.5,203.5
925,2024-03-19,HOU,WAS,HOU,-10.5,227.5
926,2024-03-19,NOP,BKN,NOP,-6.5,215.5
927,2024-03-19,DAL,SAS,DAL,-9.5,235.5
928,2024-03-19,DEN,MIN,DEN,-7.5,216.5
929,2024-03-20,MIA,CLE,CLE,-2.5,206.5
930,2024-03-20,IND,DET,IND,-11.5,235.5
931,2024-03-20,MIL,BOS,BOS,-10.5,226.5
932,2024-03-20,SAC,TOR,SAC,-11.5,233.5
933,2024-03-20,UTA,OKC,OKC,-15.5,232.5
934,2024-03-20,MEM,GSW,GSW,-11.5,219.5
935,2024-03-20,PHI,PHX,PHX,-9.5,221.5
936,2024-03-20,LAC,POR,LAC,-12.5,216.5
937,2024-03-21,NOP,ORL,NOP,-2.5,207.5
938,2024-03-21,SAC,WAS,SAC,-11.5,238.5
939,2024-03-21,CHI,HOU,HOU,-3.5,220.5
940,2024-03-21,BKN,MIL,MIL,-10.5,221.5
941,2024-03-21,UTA,DAL,DAL,-14.5,236.5
942,2024-03-21,NYK,DEN,DEN,-9.5,209.5
943,2024-03-21,ATL,PHX,PHX,-9.5,226.5
944,2024-03-22,BOS,DET,BOS,-13.5,224.5
945,2024-03-22,OKC,TOR,OKC,-16.5,230.5
946,2024-03-22,NOP,MIA,MIA,-2.5,208.5
947,2024-03-22,CLE,MIN,MIN,-7.5,206.5
948,2024-03-22,MEM,SAS,SAS,-6.5,216.5
949,2024-03-22,IND,GSW,GSW,-4.5,242.5
950,2024-03-22,LAC,POR,LAC,-14.5,215.5
951,2024-03-22,PHI,LAL,LAL,-7.5,227.5
952,2024-03-23,BKN,NYK,NYK,-7.5,204.5
953,2024-03-23,SAC,ORL,ORL,-2.5,218.5
954,2024-03-23,CHA,ATL,ATL,-7.5,212.5
955,2024-03-23,TOR,WAS,WAS,-5.5,231.5
956,2024-03-23,BOS,CHI,BOS,-4.5,219.5
957,2024-03-23,UTA,HOU,HOU,-10.5,226.5
958,2024-03-23,PHX,SAS,PHX,-10.5,231.5
959,2024-03-23,DEN,POR,DEN,-10.5,210.5
960,2024-03-24,NOP,DET,NOP,-14.5,218.5
961,2024-03-24,PHI,LAC,LAC,-8.5,216.5
962,2024-03-24,CLE,MIA,MIA,-3.5,202.5
963,2024-03-24,OKC,MIL,MIL,-2.5,233.5
964,2024-03-24,GSW,MIN,MIN,-2.5,219.5
965,2024-03-24,IND,LAL,LAL,-2.5,240.5
966,2024-03-25,CHA,CLE,CLE,-11.5,206.5
967,2024-03-25,BOS,ATL,BOS,-10.5,225.5
968,2024-03-25,DET,NYK,NYK,-16.5,212.5
969,2024-03-25,BKN,TOR,BKN,-6.5,217.5
970,2024-03-25,WAS,CHI,CHI,-12.5,226.5
971,2024-03-25,POR,HOU,HOU,-14.5,225.5
972,2024-03-25,PHX,SAS,PHX,-12.5,234.5
973,2024-03-25,MEM,DEN,DEN,-12.5,215.5
974,2024-03-25,DAL,UTA,DAL,-8.5,238.5
975,2024-03-25,PHI,SAC,SAC,-7.5,220.5
976,2024-03-25,IND,LAC,LAC,-6.5,234.5
977,2024-03-26,GSW,MIA,GSW,-4.5,216.5
978,2024-03-26,LAL,MIL,MIL,-9.5,235.5
979,2024-03-26,OKC,NOP,OKC,-1.5,222.5
980,2024-03-26,DAL,SAC,SAC,-0.5,233.5
981,2024-03-27,CLE,CHA,CLE,-9.5,207.5
982,2024-03-27,GSW,ORL,ORL,-3.5,217.5
983,2024-03-27,BKN,WAS,BKN,-3.5,221.5
984,2024-03-27,POR,ATL,ATL,-11.5,219.5
985,2024-03-27,LAC,PHI,LAC,-6.5,214.5
986,2024-03-27,NYK,TOR,NYK,-13.5,211.5
987,2024-03-27,IND,CHI,IND,-3.5,234.5
988,2024-03-27,LAL,MEM,LAL,-3.5,224.5
989,2024-03-27,DET,MIN,MIN,-15.5,216.5
990,2024-03-27,HOU,OKC,OKC,-5.5,225.5
991,2024-03-27,SAS,UTA,UTA,-4.5,228.5
992,2024-03-27,PHX,DEN,DEN,-6.5,228.5
993,2024-03-28,BOS,ATL,BOS,-15.5,228.5
994,2024-03-28,MIL,NOP,MIL,-2.5,225.5
995,2024-03-29,GSW,CHA,GSW,-12.5,219.5
996,2024-03-29,LAL,IND,IND,-3.5,242.5
997,2024-03-29,LAC,ORL,LAC,-1.5,212.5
998,2024-03-29,DET,WAS,WAS,-3.5,229.5
999,2024-03-29,CHI,BKN,CHI,-3.5,214.5
1000,2024-03-29,PHI,CLE,CLE,-7.5,211.5
1001,2024-03-29,POR,MIA,MIA,-13.5,208.5
1002,2024-03-29,PHX,OKC,PHX,-1.5,228.5
1003,2024-03-29,NYK,SAS,NYK,-8.5,214.5
1004,2024-03-29,MIN,DEN,DEN,-2.5,210.5
1005,2024-03-29,HOU,UTA,HOU,-8.5,227.5
1006,2024-03-29,DAL,SAC,DAL,-1.5,232.5
1007,2024-03-30,BOS,NOP,BOS,-5.5,223.5
1008,2024-03-30,MEM,ORL,ORL,-13.5,207.5
1009,2024-03-30,MIL,ATL,MIL,-4.5,222.5
1,2024-03-31,CLE,DEN,DEN,-4.5,217.5
2,2024-03-31,LAL,BKN,LAL,-6.5,225.5
3,2024-03-31,LAC,CHA,LAC,-14.5,215.5
4,2024-03-31,PHI,TOR,PHI,-9.5,214.5
5,2024-03-31,MIA,WAS,MIA,-12.5,213.5
6,2024-03-31,OKC,NYK,OKC,-1.5,218.5
7,2024-03-31,DAL,HOU,DAL,-3.5,228.5
8,2024-03-31,CHI,MIN,MIN,-8.5,213.5
9,2024-03-31,GSW,SAS,GSW,-10.5,228.5
10,2024-03-31,UTA,SAC,SAC,-12.5,219.5
11,2024-04-01,BOS,CHA,BOS,-18.5,219.5
12,2024-04-01,MEM,DET,DET,-2.5,215.5
13,2024-04-01,BKN,IND,IND,-12.5,227.5
14,2024-04-01,POR,ORL,ORL,-17.5,210.5
15,2024-04-01,ATL,CHI,CHI,-1.5,221.5
16,2024-04-01,PHX,NOP,NOP,-0.5,222.5
17,2024-04-02,OKC,PHI,PHI,-2.5,219.5
18,2024-04-02,LAL,TOR,LAL,-13.5,235.5
19,2024-04-02,MIL,WAS,MIL,-12.5,225.5
20,2024-04-02,NYK,MIA,MIA,-2.5,205.5
21,2024-04-05,GSW,DAL,GSW,-1.5,223.5
22,2024-04-02,HOU,MIN,MIN,-7.5,214.5
23,2024-04-02,SAS,DEN,DEN,-15.5,223.5
24,2024-04-02,CLE,UTA,CLE,-9.5,217.5
25,2024-04-02,LAC,SAC,SAC,-2.5,222.5
26,2024-04-03,POR,CHA,CHA,-1.5,212.5
27,2024-04-03,LAL,WAS,LAL,-12.5,236.5
28,2024-04-03,DET,ATL,ATL,-12.5,223.5
29,2024-04-03,OKC,BOS,BOS,-12.5,229.5
30,2024-04-03,IND,BKN,IND,-6.5,232.5
31,2024-04-03,MEM,MIL,MIL,-12.5,218.5
32,2024-04-03,TOR,MIN,MIN,-17.5,213.5
33,2024-04-03,ORL,NOP,NOP,-4.5,207.5
34,2024-04-03,CLE,PHX,PHX,-6.5,226.5
35,2024-04-04,PHI,MIA,MIA,-2.5,211.5
36,2024-04-04,SAC,NYK,NYK,-3.5,212.5
37,2024-04-04,GSW,HOU,GSW,-3.5,227.5
38,2024-04-04,DEN,LAC,DEN,-3.5,220.5
39,2024-04-05,ORL,CHA,ORL,-12.5,206.5
40,2024-04-05,OKC,IND,IND,-6.5,235.5
41,2024-04-05,POR,WAS,WAS,-2.5,224.5
42,2024-04-05,SAC,BOS,BOS,-9.5,225.5
43,2024-04-05,NYK,CHI,NYK,-1.5,210.5
44,2024-04-05,MIA,HOU,MIA,-3.5,216.5
45,2024-04-05,DET,MEM,DET,-1.5,213.5
46,2024-04-05,TOR,MIL,MIL,-14.5,233.5
47,2024-04-05,SAS,NOP,NOP,-11.5,218.5
48,2024-04-04,ATL,DAL,DAL,-11.5,227.5
49,2024-04-05,MIN,PHX,PHX,-4.5,216.5
50,2024-04-05,UTA,LAC,LAC,-12.5,224.5
51,2024-04-06,CLE,LAL,LAL,-4.5,230.5
52,2024-04-06,DET,BKN,BKN,-10.5,215.5
53,2024-04-06,PHI,MEM,PHI,-15.5,213.5
54,2024-04-06,ATL,DEN,DEN,-10.5,222.5
55,2024-04-07,HOU,DAL,DAL,-9.5,227.5
56,2024-04-07,CLE,LAC,LAC,-4.5,217.5
57,2024-04-07,MIA,IND,IND,-2.5,228.5
58,2024-04-07,POR,BOS,BOS,-16.5,216.5
59,2024-04-07,OKC,CHA,OKC,-7.5,218.5
60,2024-04-07,CHI,ORL,ORL,-6.5,211.5
61,2024-04-07,WAS,TOR,TOR,-4.5,235.5
62,2024-04-07,NOP,PHX,PHX,-5.5,221.5
63,2024-04-07,NYK,MIL,MIL,-4.5,220.5
64,2024-04-07,PHI,SAS,PHI,-3.5,225.5
65,2024-04-07,SAC,BKN,SAC,-10.5,217.5
66,2024-04-07,UTA,GSW,GSW,-12.5,224.5
67,2024-04-07,MIN,LAL,MIN,-2.5,218.5
68,2024-04-09,DAL,CHA,DAL,-12.5,225.5
69,2024-04-09,DET,PHI,PHI,-14.5,222.5
70,2024-04-09,IND,TOR,IND,-14.5,240.5
71,2024-04-09,MIA,ATL,MIA,-3.5,217.5
72,2024-04-09,BOS,MIL,MIL,-3.5,231.5
73,2024-04-09,NYK,CHI,NYK,-5.5,213.5
74,2024-04-09,ORL,HOU,ORL,-2.5,215.5
75,2024-04-09,SAS,MEM,SAS,-6.5,218.5
76,2024-04-09,WAS,MIN,MIN,-18.5,223.5
77,2024-04-09,SAC,OKC,OKC,-5.5,227.5
78,2024-04-09,DEN,UTA,DEN,-15.5,223.5
79,2024-04-09,GSW,LAL,GSW,-1.5,236.5
80,2024-04-09,LAC,PHX,PHX,-9.5,227.5
81,2024-04-09,NOP,POR,NOP,-14.5,213.5
82,2024-04-10,MEM,CLE,CLE,-19.5,213.5
83,2024-04-10,CHA,ATL,ATL,-8.5,227.5
84,2024-04-10,TOR,BKN,BKN,-11.5,220.5
85,2024-04-10,DAL,MIA,DAL,-2.5,218.5
86,2024-04-10,ORL,MIL,ORL,-1.5,213.5
87,2024-04-10,SAS,OKC,OKC,-17.5,231.5
88,2024-04-10,MIN,DEN,DEN,-7.5,215.5
89,2024-04-10,PHX,LAC,PHX,-11.5,220.5
90,2024-04-11,CHI,DET,CHI,-11.5,220.5
91,2024-04-11,NYK,BOS,BOS,-2.5,221.5
92,2024-04-11,HOU,UTA,HOU,-11.5,227.5
93,2024-04-11,GSW,POR,GSW,-13.5,221.5
94,2024-04-11,NOP,SAC,SAC,-1.5,215.5
95,2024-04-12,ORL,PHI,PHI,-6.5,215.5
96,2024-04-12,CHI,WAS,WAS,-1.5,224.5
97,2024-04-12,CHA,BOS,BOS,-7.5,217.5
98,2024-04-12,IND,CLE,CLE,-3.5,230.5
99,2024-04-12,BKN,NYK,NYK,-11.5,212.5
100,2024-04-12,TOR,MIA,MIA,-13.5,219.5
101,2024-04-12,LAL,MEM,LAL,-16.5,226.5
102,2024-04-12,ATL,MIN,MIN,-12.5,226.5
103,2024-04-12,MIL,OKC,OKC,-14.5,223.5
104,2024-04-12,DEN,SAS,DEN,-11.5,222.5
105,2024-04-12,DET,DAL,DAL,-11.5,217.5
106,2024-04-12,NOP,GSW,GSW,-3.5,222.5
107,2024-04-12,HOU,POR,HOU,-6.5,219.5
108,2024-04-12,UTA,LAC,LAC,-15.5,224.5
109,2024-04-12,PHX,SAC,PHX,-4.5,225.5
110,2024-04-14,WAS,BOS,BOS,-9.5,229.5
111,2024-04-14,CHA,CLE,CLE,-14.5,208.5
112,2024-04-14,ATL,IND,IND,-13.5,242.5
113,2024-04-14,TOR,MIA,MIA,-15.5,219.5
114,2024-04-14,CHI,NYK,NYK,-13.5,218.5
115,2024-04-14,MIL,ORL,ORL,-6.5,216.5
116,2024-04-14,BKN,PHI,PHI,-13.5,216.5
117,2024-04-14,DEN,MEM,DEN,-13.5,216.5
118,2024-04-14,PHX,MIN,MIN,-1.5,216.5
119,2024-04-14,LAL,NOP,NOP,-0.5,230.5
120,2024-04-14,DAL,OKC,OKC,-19.5,225.5
121,2024-04-14,DET,SAS,SAS,-5.5,221.5